Handle,Title,Body (HTML),Vendor,Product Category,Type,Tags,Published,Option1 Name,Option1 Value,Option2 Name,Option2 Value,Option3 Name,Option3 Value,Variant SKU,Variant Grams,Variant Inventory Tracker,Variant Inventory Qty,Variant Inventory Policy,Variant Fulfillment Service,Variant Price,Variant Compare At Price,Variant Requires Shipping,Variant Taxable,Variant Barcode,Image Src,Image Position,Image Alt Text,Gift Card,SEO Title,SEO Description,Google Shopping / Google Product Category,Google Shopping / Gender,Google Shopping / Age Group,Google Shopping / MPN,Google Shopping / AdWords Grouping,Google Shopping / AdWords Labels,Google Shopping / Condition,Google Shopping / Custom Product,Google Shopping / Custom Label 0,Google Shopping / Custom Label 1,Google Shopping / Custom Label 2,Google Shopping / Custom Label 3,Google Shopping / Custom Label 4,Variant Image,Variant Weight Unit,Variant Tax Code,Cost per item,Price / International,Compare At Price / International,Status
"""The Rocky Horror Picture Show"" Original Cast - The Rocky Horror Picture Show","""The Rocky Horror Picture Show"" Original Cast - The Rocky Horror Picture Show",,Village Record Club,Media > Music & Sound Recordings > Records & LPs,album,"Vinyl,LP,Album,Reissue, Ode Records,The Orchard,The Orchard,Ode Records Inc.,Ode Records Inc.,Olympic Studios,Rainbo Records, Rock,Pop,Stage & Screen, Soundtrack,Rock & Roll,Classic Rock,Glam",,,,,,,,,,,,deny,manual,,,,,,https://i.discogs.com/F1KOmatYuxg-GN4zyIoorFIt5t4amX1KgJJc5LYhAqU/rs:fit/g:sm/q:90/h:600/w:600/czM6Ly9kaXNjb2dz/LWRhdGFiYXNlLWlt/YWdlcy9SLTQ5ODc5/NjMtMTQwOTg0NTQ4/OS0zNjk3LmpwZWc.jpeg,,"""The Rocky Horror Picture Show"" Original Cast - The Rocky Horror Picture Show",,"""The Rocky Horror Picture Show"" Original Cast - The Rocky Horror Picture Show | Village Record Club","""The Rocky Horror Picture Show"" Original Cast - The Rocky Horror Picture Show is available to add to your wishlist.",,,,,,,,,,,,,,,,,,,,Active
Aaliyah - Aaliyah,Aaliyah - Aaliyah,,Village Record Club,Media > Music & Sound Recordings > Records & LPs,album,"Vinyl,LP,Album,Club Edition,Reissue,Remastered,Stereo, Blackground Records,Blackground Records,Blackground Records,Vinyl Me, Please. Essentials,Timbaland Productions, Inc.,Keybeats, Inc.,Bud'da Productions, Inc.,Dub's World Productions,Blackground Records, LLC,Blackground Records, LLC,GZ Media,Virginia Beach Music,Herbalicious Music,Black Fountain Music,Warner/Chappell,Rap Tracks Publishing,E Beats Music,Bout Bud'da Music,Mass Confusion Music,Blazalicious Music,Dub's World Music,Tank 1176 Music,Timbaland Productions,Westlake Studios,Sony Music Studios, New York City,Sing Sing Studios,Manhattan Center Studios,Music Grinder Studios,The Magic Mix Room,Soundtrack Studios,Westlake Studios,Pacifique Studios,Quad Recording Studios,Abolitionist Studios,The Village Recorder,Larrabee Sound Studios,Capitol Studios,Electric Lady Studios,Music Grinder Studios,Right Track Recording,Record Plant, Los Angeles,Bernie Grundman Mastering,Alchemy Mastering At AIR,Vinyl Me, Please, Hip Hop,Funk / Soul,Pop, Contemporary R&B",,,,,,,,,,,,deny,manual,,,,,,https://i.discogs.com/z4lfzzw2iuGOTOkS_1e67wE-9J782KrGEm4aKQBCFo4/rs:fit/g:sm/q:90/h:600/w:600/czM6Ly9kaXNjb2dz/LWRhdGFiYXNlLWlt/YWdlcy9SLTIyODIw/Njk2LTE2NzUxMTYx/MjgtNTA5MC5qcGVn.jpeg,,Aaliyah - Aaliyah,,Aaliyah - Aaliyah | Village Record Club,Aaliyah - Aaliyah is available to add to your wishlist.,,,,,,,,,,,,,,,,,,,,Active
Alan Vega - Saturn Strip,Alan Vega - Saturn Strip,,Village Record Club,Media > Music & Sound Recordings > Records & LPs,album,"Vinyl,LP,Album,Stereo, Elektra,ZE Records,WEA Musik GmbH,Record Service GmbH,Synchro Sound Studios,Precision Lacquer,Elektra/Asylum Records,Elektra/Asylum Records,WEA International Inc.,WEA International Inc.,WEA Records SA / NV,WEA Musik GmbH,WEA Records Ltd.,WEA Records, S.A.,WEA Filipacchi Music,WEA Italiana S.p.A.,WEA Records B.V.,WEA Music Ges.m.b.H.,WEA Metronome Records AB,Record Service Alsdorf,Mez Publishing, Inc.,Ackee Music, Inc.,Lido Music, Inc.,Ministry Affairs Publishing, Electronic,Rock, Leftfield,New Wave,Pop Rock,Synth-pop",,,,,,,,,,,,deny,manual,,,,,,https://i.discogs.com/wlEPXVdvSV_z-k6Izqtc4BElWYREgOUTWHsx0xJCRYQ/rs:fit/g:sm/q:90/h:595/w:600/czM6Ly9kaXNjb2dz/LWRhdGFiYXNlLWlt/YWdlcy9SLTQ5NTg0/My0xNDk4MjEzNTM0/LTU3NDUuanBlZw.jpeg,,Alan Vega - Saturn Strip,,Alan Vega - Saturn Strip | Village Record Club,Alan Vega - Saturn Strip is available to add to your wishlist.,,,,,,,,,,,,,,,,,,,,Active
Alt-J - Relaxer,Alt-J - Relaxer,,Village Record Club,Media > Music & Sound Recordings > Records & LPs,album,"Vinyl,LP,Album, Infectious Music,[PIAS],Infectious Music Ltd.,Optimal Media GmbH,PIAS UK,Iguana Studio, London,Abbey Road Studios,Strongroom,Iguana Studio, London, Rock, Experimental,Indie Rock",,,,,,,,,,,,deny,manual,,,,,,https://i.discogs.com/02_jSJ4sJEgG7iHIemiiILrRiOYTlvFT2Kta3op4KwI/rs:fit/g:sm/q:90/h:600/w:600/czM6Ly9kaXNjb2dz/LWRhdGFiYXNlLWlt/YWdlcy9SLTEwMzc1/Nzc0LTE0OTY0ODYw/ODEtMjE0OS5qcGVn.jpeg,,Alt-J - Relaxer,,Alt-J - Relaxer | Village Record Club,Alt-J - Relaxer is available to add to your wishlist.,,,,,,,,,,,,,,,,,,,,Active
Animal Collective - Time Skiffs,Animal Collective - Time Skiffs,,Village Record Club,Media > Music & Sound Recordings > Records & LPs,album,"Vinyl,12"",45 RPM,Album,Limited Edition, Domino,Domino,Domino Recording Co. Ltd.,Domino Recording Co. Ltd.,Domino Publishing Company USA,Namouche Studios,Drop Of Sun Studios,Studio Zona,SEEN,GZ Media, Rock,Pop, Indie Pop,Indie Rock,Alternative Rock,Experimental",,,,,,,,,,,,deny,manual,,,,,,https://i.discogs.com/cTfRTbB-xeka1-KcFZFUROL3bc3swMlCr3ozVJTXWHA/rs:fit/g:sm/q:90/h:598/w:600/czM6Ly9kaXNjb2dz/LWRhdGFiYXNlLWlt/YWdlcy9SLTIyMDA2/NDg5LTE2NDQwMTk1/NzktODUyMy5qcGVn.jpeg,,Animal Collective - Time Skiffs,,Animal Collective - Time Skiffs | Village Record Club,Animal Collective - Time Skiffs is available to add to your wishlist.,,,,,,,,,,,,,,,,,,,,Active
Aretha Franklin - I Never Loved A Man The Way I Love You,Aretha Franklin - I Never Loved A Man The Way I Love You,,Village Record Club,Media > Music & Sound Recordings > Records & LPs,album,"Vinyl,LP,Album,Club Edition,Reissue,Remastered,Mono, Atlantic,Atlantic,Atlantic,Vinyl Me, Please. Essentials,Vinyl Me, Please,Atlantic Recording Corporation,Atlantic Recording Corporation,Atlantic Recording Corporation,Rhino Entertainment Company,Rhino Entertainment Company,Warner Music Group,East,Time,Walco,Jay & Cee,14th Hour,Pronto,Kilynn,Vee Vee,Kags,Press,Atlantic Studios,Muscle Shoals Sound Studios,Sterling Sound,GZ Media,Quality Record Pressings, Funk / Soul, Rhythm & Blues,Soul",,,,,,,,,,,,deny,manual,,,,,,https://i.discogs.com/INExta7HzUJ-8aUjtLXE2eR_micRcsFc6yp-yco8LM0/rs:fit/g:sm/q:90/h:603/w:600/czM6Ly9kaXNjb2dz/LWRhdGFiYXNlLWlt/YWdlcy9SLTE0NTA5/MzAzLTE1Nzc3NzE5/NDctNzk0OC5qcGVn.jpeg,,Aretha Franklin - I Never Loved A Man The Way I Love You,,Aretha Franklin - I Never Loved A Man The Way I Love You | Village Record Club,Aretha Franklin - I Never Loved A Man The Way I Love You is available to add to your wishlist.,,,,,,,,,,,,,,,,,,,,Active
Augustus Pablo - Africa Must Be Free By 1983 (Dub),Augustus Pablo - Africa Must Be Free By 1983 (Dub),,Village Record Club,Media > Music & Sound Recordings > Records & LPs,album,"Vinyl,LP,Album, Rockers International,Pablo Records Ltd.,Dynamic Sounds Recording Co. Ltd.,Dynamic Sounds Recording Co. Ltd., Reggae, Dub",,,,,,,,,,,,deny,manual,,,,,,https://i.discogs.com/qdbaKffIrQhLYc22dQ5SBD7Vpnuqcn8cmtxNB7wTPZo/rs:fit/g:sm/q:90/h:607/w:600/czM6Ly9kaXNjb2dz/LWRhdGFiYXNlLWlt/YWdlcy9SLTE3MTIx/NTAtMTUxOTE4NDI3/NC00NDU0LmpwZWc.jpeg,,Augustus Pablo - Africa Must Be Free By 1983 (Dub),,Augustus Pablo - Africa Must Be Free By 1983 (Dub) | Village Record Club,Augustus Pablo - Africa Must Be Free By 1983 (Dub) is available to add to your wishlist.,,,,,,,,,,,,,,,,,,,,Active
BadBadNotGood - Talk Memory,BadBadNotGood - Talk Memory,,Village Record Club,Media > Music & Sound Recordings > Records & LPs,album,"Vinyl,LP,45 RPM,Album,Limited Edition, XL Recordings,Innovative Leisure,Masterdisk,Optimal Media GmbH, Jazz,Rock, Fusion,Contemporary Jazz,Psychedelic Rock",,,,,,,,,,,,deny,manual,,,,,,https://i.discogs.com/oc18SC2aMDzydzjSev_6ew8_ODjdoZg3hiTXEWF5bCM/rs:fit/g:sm/q:90/h:594/w:600/czM6Ly9kaXNjb2dz/LWRhdGFiYXNlLWlt/YWdlcy9SLTIwNDkz/OTAxLTE2MzM1MzI3/MDgtMjA4MS5qcGVn.jpeg,,BadBadNotGood - Talk Memory,,BadBadNotGood - Talk Memory | Village Record Club,BadBadNotGood - Talk Memory is available to add to your wishlist.,,,,,,,,,,,,,,,,,,,,Active
Beck - Modern Guilt,Beck - Modern Guilt,,Village Record Club,Media > Music & Sound Recordings > Records & LPs,album,"Vinyl,LP,Album, DGC,DGC,DGC Records,Universal Music Distribution,Universal Music Distribution,DGC Records,DGC Records,Youthless,Chrysalis Music,Universal Publishing Production Music,Anonyme Studios,Conway Studios,Ocean Way Recording,Gateway Mastering,Youthless,Iliad, Rock,Pop, Alternative Rock,Folk Rock",,,,,,,,,,,,deny,manual,,,,,,https://i.discogs.com/iF-un2qnN-pVWqJKHMfs210w5wx5zp7rJSydoe_U7bk/rs:fit/g:sm/q:90/h:600/w:600/czM6Ly9kaXNjb2dz/LWRhdGFiYXNlLWlt/YWdlcy9SLTE0MTQ0/NjItMTI0NTU5OTU3/Ny5qcGVn.jpeg,,Beck - Modern Guilt,,Beck - Modern Guilt | Village Record Club,Beck - Modern Guilt is available to add to your wishlist.,,,,,,,,,,,,,,,,,,,,Active
Beyoncé - Lemonade,Beyoncé - Lemonade,,Village Record Club,Media > Music & Sound Recordings > Records & LPs,album,"Vinyl,LP,Album, Parkwood Entertainment,Columbia,MPO, Electronic,Hip Hop,Funk / Soul,Pop, Soul,Neo Soul,Electro,Contemporary R&B",,,,,,,,,,,,deny,manual,,,,,,https://i.discogs.com/G19GqAxwygvnQ02B8T67RTqiiP8GysQITU5TABz0LY4/rs:fit/g:sm/q:90/h:600/w:600/czM6Ly9kaXNjb2dz/LWRhdGFiYXNlLWlt/YWdlcy9SLTEwNzgx/NTA4LTE1MDgyNzk1/MTItOTY4MS5qcGVn.jpeg,,Beyoncé - Lemonade,,Beyoncé - Lemonade | Village Record Club,Beyoncé - Lemonade is available to add to your wishlist.,,,,,,,,,,,,,,,,,,,,Active
Billie Eilish - Hit Me Hard And Soft,Billie Eilish - Hit Me Hard And Soft,,Village Record Club,Media > Music & Sound Recordings > Records & LPs,album,"Vinyl,LP,Album,Limited Edition,Stereo, Darkroom,Interscope Records,Darkroom,Darkroom,Interscope Records,Interscope Records,GZ Media,The Bakery,UMG Commercial Services,HMV,Target,Mixup,Media Markt,Saturn, Electronic,Pop, Indie Pop",,,,,,,,,,,,deny,manual,,,,,,https://i.discogs.com/eUI7bNgZuSklYf85UdRwsnirOFkCZcQ4LPSfTQiArf4/rs:fit/g:sm/q:90/h:598/w:600/czM6Ly9kaXNjb2dz/LWRhdGFiYXNlLWlt/YWdlcy9SLTMwNjk2/MDY3LTE3MTYyMDU2/NTAtODE3Ny5qcGVn.jpeg,,Billie Eilish - Hit Me Hard And Soft,,Billie Eilish - Hit Me Hard And Soft | Village Record Club,Billie Eilish - Hit Me Hard And Soft is available to add to your wishlist.,,,,,,,,,,,,,,,,,,,,Active
Black Sabbath - Black Sabbath,Black Sabbath - Black Sabbath,,Village Record Club,Media > Music & Sound Recordings > Records & LPs,album,"Vinyl,LP,Album, Warner Bros. Records,Warner Bros. Records,Tony Hall Enterprises,Warner Bros. Records Inc.,Warner Bros. Inc.,Warner Bros. Records Inc.,Artisan Sound Recorders,Columbia Records Pressing Plant, Pitman, Rock, Hard Rock,Blues Rock",,,,,,,,,,,,deny,manual,,,,,,https://i.discogs.com/QgzUUDz6rrLiNrjJ6ZHRmDjPoLLkLZPmfj8UJvbY6uw/rs:fit/g:sm/q:90/h:603/w:600/czM6Ly9kaXNjb2dz/LWRhdGFiYXNlLWlt/YWdlcy9SLTIwMTEz/OTEtMTM0Nzc4NDk1/MC0yMDQ2LmpwZWc.jpeg,,Black Sabbath - Black Sabbath,,Black Sabbath - Black Sabbath | Village Record Club,Black Sabbath - Black Sabbath is available to add to your wishlist.,,,,,,,,,,,,,,,,,,,,Active
Boards Of Canada - The Campfire Headphase,Boards Of Canada - The Campfire Headphase,,Village Record Club,Media > Music & Sound Recordings > Records & LPs,album,"Vinyl,LP,Album,Reissue,Stereo, Warp Records,Music70,Warp Records Limited,Warp Records Limited,Hexagon Sun,Record Industry,Warp Music, Electronic, Downtempo,Ambient",,,,,,,,,,,,deny,manual,,,,,,https://i.discogs.com/Fvonnm8MduhorDGkU8DSFgFAErXJocYj90-CmphMPwA/rs:fit/g:sm/q:90/h:600/w:600/czM6Ly9kaXNjb2dz/LWRhdGFiYXNlLWlt/YWdlcy9SLTUwMDY4/ODgtMTM4MTk1MzA3/MC00OTE3LmpwZWc.jpeg,,Boards Of Canada - The Campfire Headphase,,Boards Of Canada - The Campfire Headphase | Village Record Club,Boards Of Canada - The Campfire Headphase is available to add to your wishlist.,,,,,,,,,,,,,,,,,,,,Active
Bon Jovi - New Jersey,Bon Jovi - New Jersey,,Village Record Club,Media > Music & Sound Recordings > Records & LPs,album,"Vinyl,LP,Album,Stereo, Vertigo,Vertigo,Vertigo,PolyGram Records, Inc.,PolyGram Records, Inc.,Bon Jovi Publishing,PolyGram Music Publishing, Inc.,New Jersey Underground Music, Inc.,Mike Chapman Publishing Enterprises,Knighty-Knight Music,Arista Music, Inc.,Desmobile Music,SBK April Music Inc.,Realsongs,Little Mountain Sound Studios,Chalet Sound,Sterling Sound,PDO, Germany, Rock, Hard Rock,Arena Rock",,,,,,,,,,,,deny,manual,,,,,,https://i.discogs.com/JunYpc6lHhL0Tk5ut1ChqseQ7j8-2VgsNw0964q7p6w/rs:fit/g:sm/q:90/h:463/w:464/czM6Ly9kaXNjb2dz/LWRhdGFiYXNlLWlt/YWdlcy9SLTE5Mjcx/NDUtMTM4MzEzOTcx/NS00Nzg5LmpwZWc.jpeg,,Bon Jovi - New Jersey,,Bon Jovi - New Jersey | Village Record Club,Bon Jovi - New Jersey is available to add to your wishlist.,,,,,,,,,,,,,,,,,,,,Active
Bright Eyes - Digital Ash In A Digital Urn,Bright Eyes - Digital Ash In A Digital Urn,,Village Record Club,Media > Music & Sound Recordings > Records & LPs,album,"Vinyl,LP,Album,Stereo, Saddle Creek,Presto!,Chase Park Transduction,Presto!,Studio B, Omaha, NE,AcousTech Mastering,Record Technology Incorporated, Electronic,Rock, Synth-pop,Indie Rock",,,,,,,,,,,,deny,manual,,,,,,https://i.discogs.com/p_Kc-91hu_4wj483Xz1TMllIWtgn8FCURXptJ-mHh3g/rs:fit/g:sm/q:90/h:400/w:415/czM6Ly9kaXNjb2dz/LWRhdGFiYXNlLWlt/YWdlcy9SLTY1MTAy/Ni0xMzkzNjgzNDU1/LTMwMDcuanBlZw.jpeg,,Bright Eyes - Digital Ash In A Digital Urn,,Bright Eyes - Digital Ash In A Digital Urn | Village Record Club,Bright Eyes - Digital Ash In A Digital Urn is available to add to your wishlist.,,,,,,,,,,,,,,,,,,,,Active
Buddy Guy - Stone Crazy!,Buddy Guy - Stone Crazy!,,Village Record Club,Media > Music & Sound Recordings > Records & LPs,album,"Vinyl,LP,Album, Alligator Records,Studio Condorcet,Presswell, Blues, Chicago Blues",,,,,,,,,,,,deny,manual,,,,,,https://i.discogs.com/Ygz-DUimNMut99y0Kj0wb3gctxjMIReWE90gDjYyL0A/rs:fit/g:sm/q:90/h:600/w:600/czM6Ly9kaXNjb2dz/LWRhdGFiYXNlLWlt/YWdlcy9SLTIwNzMx/NzItMTM2NzAxMzgy/MS05NzM4LmpwZWc.jpeg,,Buddy Guy - Stone Crazy!,,Buddy Guy - Stone Crazy! | Village Record Club,Buddy Guy - Stone Crazy! is available to add to your wishlist.,,,,,,,,,,,,,,,,,,,,Active
Cannonball Adderley - Somethin' Else,Cannonball Adderley - Somethin' Else,,Village Record Club,Media > Music & Sound Recordings > Records & LPs,album,"Vinyl,LP,Album,Reissue,Stereo, UMe,Blue Note,UMe,Blue Note,Blue Note,Blue Note,Blue Note Classic Vinyl Series,Universal Music,Universal International Music B.V.,Blue Note Records Inc.,Capitol Records, LLC,UMG Recordings, Inc.,Cohearent Audio,Cohearent Audio,Optimal Media GmbH,Van Gelder Studio, Hackensack, New Jersey, Jazz, Hard Bop,Bop",,,,,,,,,,,,deny,manual,,,,,,https://i.discogs.com/CnH5p4LgS6O0c_phFr_h-B5L4fyC8GR55iGuesjn7C8/rs:fit/g:sm/q:90/h:595/w:600/czM6Ly9kaXNjb2dz/LWRhdGFiYXNlLWlt/YWdlcy9SLTE3MzU1/MTgxLTE3MDk0NzMx/NzMtNjkwMC5qcGVn.jpeg,,Cannonball Adderley - Somethin' Else,,Cannonball Adderley - Somethin' Else | Village Record Club,Cannonball Adderley - Somethin' Else is available to add to your wishlist.,,,,,,,,,,,,,,,,,,,,Active
CeeLo Green* - CeeLo Green Is Thomas Callaway,CeeLo Green* - CeeLo Green Is Thomas Callaway,,Village Record Club,Media > Music & Sound Recordings > Records & LPs,album,"Vinyl,LP,Album, Easy Eye Sound,BMG,Easy Eye Sound,BMG Rights Management (US) LLC,Easy Eye Sound Studios, Nashville, TN,Easy Eye Sound Studios, Nashville, TN,God Given Music,Primary Wave Beats,BMG Platinum Songs,Hour Box Music,Seminole Wind Music,Fresh Cookies,Milk White Steed Music,Scarlet Moon Music,Janwood Music,Sterling Sound Nashville, Funk / Soul, Contemporary R&B,Soul",,,,,,,,,,,,deny,manual,,,,,,https://i.discogs.com/JbDQJh3U72I4schvoiUYBw4mMlOFJFe5SVyBKR1y1Rw/rs:fit/g:sm/q:90/h:592/w:600/czM6Ly9kaXNjb2dz/LWRhdGFiYXNlLWlt/YWdlcy9SLTE1NzI5/NDk1LTE1OTY3MTg2/ODUtMjE5OC5qcGVn.jpeg,,CeeLo Green* - CeeLo Green Is Thomas Callaway,,CeeLo Green* - CeeLo Green Is Thomas Callaway | Village Record Club,CeeLo Green* - CeeLo Green Is Thomas Callaway is available to add to your wishlist.,,,,,,,,,,,,,,,,,,,,Active
Chet Baker - Chet Baker Sings,Chet Baker - Chet Baker Sings,,Village Record Club,Media > Music & Sound Recordings > Records & LPs,album,"Vinyl,LP,Album,Limited Edition,Reissue,Remastered, Pan Am Records,Jazz Classics,Pan-Am Records,Pan-Am Records,GZ Digital Media, Jazz, Cool Jazz",,,,,,,,,,,,deny,manual,,,,,,https://i.discogs.com/JTfdkbpvYDsFvswEOtsfsYBafowkU1XinZV81OVuTOs/rs:fit/g:sm/q:90/h:600/w:600/czM6Ly9kaXNjb2dz/LWRhdGFiYXNlLWlt/YWdlcy9SLTM1NjMx/NzktMTU5NjU2MTI3/OC01MzMzLmpwZWc.jpeg,,Chet Baker - Chet Baker Sings,,Chet Baker - Chet Baker Sings | Village Record Club,Chet Baker - Chet Baker Sings is available to add to your wishlist.,,,,,,,,,,,,,,,,,,,,Active
Clairo (2) - Charm,Clairo (2) - Charm,,Village Record Club,Media > Music & Sound Recordings > Records & LPs,album,"Vinyl,LP,Album,Limited Edition, Clairo Records,Good Buddy,Clairo Records, LLC,Clairo Records, LLC,Virgin Music Group,The Diamond Mine,Diamond Mine North,Allaire Studios,Electric Lady Studios,Fred Short Sound,Jensquarters,Electric Lady Studios,The Bunker Studio,GZ Media,Precision Record Pressing, Rock,Pop, Soft Rock",,,,,,,,,,,,deny,manual,,,,,,https://i.discogs.com/m-rUowWBpXLwwA8cww3pLhmOY-3kXiJlGjqco08SHmA/rs:fit/g:sm/q:90/h:592/w:600/czM6Ly9kaXNjb2dz/LWRhdGFiYXNlLWlt/YWdlcy9SLTMxMjAw/Mjc3LTE3MjY4NTg1/MTItMTI1Ny5qcGVn.jpeg,,Clairo (2) - Charm,,Clairo (2) - Charm | Village Record Club,Clairo (2) - Charm is available to add to your wishlist.,,,,,,,,,,,,,,,,,,,,Active
Common - Let Love,Common - Let Love,,Village Record Club,Media > Music & Sound Recordings > Records & LPs,album,"Vinyl,LP,Album, Loma Vista,Common,Common,Loma Vista Recordings,Concord Music Group, Inc.,Universal International Music B.V.,Electric Lady Studios,Henson Recording Studios,NRG Studios,Electric Garden, Brooklyn,Brooklyn Recording,Larrabee Sound Studios,Larrabee Sound Studios,Think Common Music Inc.,Songs Of Reach Music,Abayomi Publishing,Boom Bishop Music,Karriem Riggins Music,Missing Link Music, LLC, Hip Hop, ",,,,,,,,,,,,deny,manual,,,,,,https://i.discogs.com/U4PQYLiU7pOKV961kbQ1K6UIxKM7vrSrdB3nVyzDeq8/rs:fit/g:sm/q:90/h:600/w:600/czM6Ly9kaXNjb2dz/LWRhdGFiYXNlLWlt/YWdlcy9SLTE0MDg3/NDMyLTE1Njc2OTEx/NjctMTYyNS5qcGVn.jpeg,,Common - Let Love,,Common - Let Love | Village Record Club,Common - Let Love is available to add to your wishlist.,,,,,,,,,,,,,,,,,,,,Active
Crystal Castles - (III),Crystal Castles - (III),,Village Record Club,Media > Music & Sound Recordings > Records & LPs,album,"Vinyl,LP,Album, Casablanca,Polydor Ltd. (UK),Polydor Ltd. (UK),Universal Republic Records,Casablanca Records,Universal Music Distribution,Universal Music Publishing,Sterling Sound,United Record Pressing, Electronic, Experimental,Witch House,Electro,Synth-pop,Ethereal",,,,,,,,,,,,deny,manual,,,,,,https://i.discogs.com/_YzpqqM9hzy26J_j9GZIV2ltPbMjU1KBDOqJgku3d98/rs:fit/g:sm/q:90/h:500/w:500/czM6Ly9kaXNjb2dz/LWRhdGFiYXNlLWlt/YWdlcy9SLTQxNjE0/OTEtMTM1NzYyODky/NC05NDc4LmpwZWc.jpeg,,Crystal Castles - (III),,Crystal Castles - (III) | Village Record Club,Crystal Castles - (III) is available to add to your wishlist.,,,,,,,,,,,,,,,,,,,,Active
DaBaby - Blame It On Baby,DaBaby - Blame It On Baby,,Village Record Club,Media > Music & Sound Recordings > Records & LPs,album,"Vinyl,LP,Album,Deluxe Edition, South Coast Music Group,Interscope Records,Sterling Sound, Hip Hop, Trap",,,,,,,,,,,,deny,manual,,,,,,https://i.discogs.com/xpznQbcDRKyWxJEZin9cDi-1QmU7V58V5ivt3BOEnb0/rs:fit/g:sm/q:90/h:600/w:600/czM6Ly9kaXNjb2dz/LWRhdGFiYXNlLWlt/YWdlcy9SLTE2OTkw/NTg3LTE2MTI2MjMw/NjItNzY1NC5qcGVn.jpeg,,DaBaby - Blame It On Baby,,DaBaby - Blame It On Baby | Village Record Club,DaBaby - Blame It On Baby is available to add to your wishlist.,,,,,,,,,,,,,,,,,,,,Active
David Bowie - David Bowie,David Bowie - David Bowie,,Village Record Club,Media > Music & Sound Recordings > Records & LPs,album,"Vinyl,7"",45 RPM,EP, RCA Victor,RCA Limited, Australia,RCA Limited, Australia,RCA Corporation,Essex, Rock, Classic Rock",,,,,,,,,,,,deny,manual,,,,,,https://i.discogs.com/RntPa_hcMt0f-s0KMrep2g5nOBmP-hY3U2sr1J5wXVs/rs:fit/g:sm/q:90/h:598/w:599/czM6Ly9kaXNjb2dz/LWRhdGFiYXNlLWlt/YWdlcy9SLTkyODky/MC0xMTczOTA2MTI0/LmpwZWc.jpeg,,David Bowie - David Bowie,,David Bowie - David Bowie | Village Record Club,David Bowie - David Bowie is available to add to your wishlist.,,,,,,,,,,,,,,,,,,,,Active
Deafheaven - Ordinary Corrupt Human Love,Deafheaven - Ordinary Corrupt Human Love,,Village Record Club,Media > Music & Sound Recordings > Records & LPs,album,"Vinyl,LP,Album, Anti-,Deafheaven,Deafheaven,Anti, Inc.,25th Street Recording, Oakland, CA,Independent Record Pressing, Rock, Post-Metal,Blackgaze",,,,,,,,,,,,deny,manual,,,,,,https://i.discogs.com/0cvRaT5By8g7jxtBrDhV37LnLfso-xZ8cQZXUPXpLZc/rs:fit/g:sm/q:90/h:589/w:600/czM6Ly9kaXNjb2dz/LWRhdGFiYXNlLWlt/YWdlcy9SLTEyMjQy/OTgzLTE2MzMyODQ1/NTctNjIxOC5qcGVn.jpeg,,Deafheaven - Ordinary Corrupt Human Love,,Deafheaven - Ordinary Corrupt Human Love | Village Record Club,Deafheaven - Ordinary Corrupt Human Love is available to add to your wishlist.,,,,,,,,,,,,,,,,,,,,Active
Depeche Mode - Songs Of Faith And Devotion,Depeche Mode - Songs Of Faith And Devotion,,Village Record Club,Media > Music & Sound Recordings > Records & LPs,album,"Vinyl,LP,Album,Reissue,Remastered, Legacy,Sony Music,Mute,Legacy Vinyl,Venusnote Limited,Venusnote Limited,Grabbing Hands Music Overseas Ltd.,Grabbing Hands Music Ltd.,The Villa,Chateau Du Pape,Olympic Studios,Super Audio Mastering,Sony Music Entertainment International Ltd.,Sony Music Entertainment,The Exchange,Record Industry, Electronic,Rock, Alternative Rock,Synth-pop",,,,,,,,,,,,deny,manual,,,,,,https://i.discogs.com/M8lm5SYKkav2ewb5ucN2unNhsqp6_4FehwL1FI1Veks/rs:fit/g:sm/q:90/h:600/w:600/czM6Ly9kaXNjb2dz/LWRhdGFiYXNlLWlt/YWdlcy9SLTkxODA2/NzAtMTQ3ODczMDk4/My02NDY5LmpwZWc.jpeg,,Depeche Mode - Songs Of Faith And Devotion,,Depeche Mode - Songs Of Faith And Devotion | Village Record Club,Depeche Mode - Songs Of Faith And Devotion is available to add to your wishlist.,,,,,,,,,,,,,,,,,,,,Active
Dire Straits - Encores,Dire Straits - Encores,,Village Record Club,Media > Music & Sound Recordings > Records & LPs,album,"Vinyl,12"",45 RPM,EP,Record Store Day,Limited Edition,Remastered, Vertigo,Mercury,UMC,Vertigo,Mercury,UMC,Universal International Music B.V.,Gateway Mastering,Bernie Grundman Mastering,Mercury Records Ltd.,Mercury Records Ltd.,Optimal Media GmbH,Optimal Media GmbH, Rock,Pop, ",,,,,,,,,,,,deny,manual,,,,,,https://i.discogs.com/57b-Iz-mc_SP2nu7lX6ab-LJMcsX2AoUrTE6H1JHojs/rs:fit/g:sm/q:90/h:598/w:600/czM6Ly9kaXNjb2dz/LWRhdGFiYXNlLWlt/YWdlcy9SLTIxMDU0/MTU3LTE2Mzc4ODMw/NTQtNjA1Ni5qcGVn.jpeg,,Dire Straits - Encores,,Dire Straits - Encores | Village Record Club,Dire Straits - Encores is available to add to your wishlist.,,,,,,,,,,,,,,,,,,,,Active
Donovan - Barabajagal,Donovan - Barabajagal,,Village Record Club,Media > Music & Sound Recordings > Records & LPs,album,"Vinyl,LP,Album,Stereo, Epic,Epic Records,CBS Inc.,Olympic Studios,American Recording Co.,Customatrix,Columbia Records Pressing Plant, Terre Haute, Rock,Folk, World, & Country, Folk,Folk Rock,Psychedelic Rock",,,,,,,,,,,,deny,manual,,,,,,https://i.discogs.com/_lcr96XJAMrVlCBYeDj17Exa1DIp_oAqbhBqLPi2bCY/rs:fit/g:sm/q:90/h:600/w:600/czM6Ly9kaXNjb2dz/LWRhdGFiYXNlLWlt/YWdlcy9SLTExNDQz/NzMtMTI5OTUxMTM1/Ni5qcGVn.jpeg,,Donovan - Barabajagal,,Donovan - Barabajagal | Village Record Club,Donovan - Barabajagal is available to add to your wishlist.,,,,,,,,,,,,,,,,,,,,Active
Duke Ellington - Blues In Orbit,Duke Ellington - Blues In Orbit,,Village Record Club,Media > Music & Sound Recordings > Records & LPs,album,"Vinyl,LP,Album,Reissue,Remastered,Stereo, Analogue Productions,Columbia,Sony Music Commercial Music Group,Sony Music Entertainment,Sony Music Entertainment,Analogue Productions,Columbia Records,Tempo Music Inc.,Comstock Music, Inc.,Robbins Music Corp.,Bernie Grundman Mastering,Bernie Grundman Mastering,Quality Record Pressings, Jazz, Big Band,Swing",,,,,,,,,,,,deny,manual,,,,,,https://i.discogs.com/curmdJcWuMWQG1enc_qEPQHXPxRMiu4SpHdmUkcwfdw/rs:fit/g:sm/q:90/h:606/w:600/czM6Ly9kaXNjb2dz/LWRhdGFiYXNlLWlt/YWdlcy9SLTg1MjA1/MDctMTY0MzgwNTU5/MS0yODc2LmpwZWc.jpeg,,Duke Ellington - Blues In Orbit,,Duke Ellington - Blues In Orbit | Village Record Club,Duke Ellington - Blues In Orbit is available to add to your wishlist.,,,,,,,,,,,,,,,,,,,,Active
Eddie Vedder - Earthling,Eddie Vedder - Earthling,,Village Record Club,Media > Music & Sound Recordings > Records & LPs,album,"Vinyl,LP,Album,Stereo, Republic Records,Black Belt Mastering,Record Technology Incorporated,GZ Media,Seattle Surf Co. LLC,Seattle Surf Co. LLC,Republic Records,UMG Commercial Services,Monkeywrench Records,Gold Tooth Music,Jump Site Studios,MixStar Studios,Sterling Sound, Rock, Alternative Rock",,,,,,,,,,,,deny,manual,,,,,,https://i.discogs.com/v1VBVvL0kK-k8sJfBiSutwoWb-go1r2PyR9b4cQSKJQ/rs:fit/g:sm/q:90/h:608/w:600/czM6Ly9kaXNjb2dz/LWRhdGFiYXNlLWlt/YWdlcy9SLTI0MDA3/MDA0LTE2NTkzNjY2/MTQtNjI3NS5qcGVn.jpeg,,Eddie Vedder - Earthling,,Eddie Vedder - Earthling | Village Record Club,Eddie Vedder - Earthling is available to add to your wishlist.,,,,,,,,,,,,,,,,,,,,Active
Lake (2) - Lake,Lake (2) - Lake,,Village Record Club,Media > Music & Sound Recordings > Records & LPs,album,"Vinyl,LP,Album, Columbia,Columbia Records,CBS Inc.,CBS Schallplatten GmbH,CBS Inc.,Columbia Records Pressing Plant, Terre Haute,Customatrix,Peer Studio, Rock, Pop Rock",,,,,,,,,,,,deny,manual,,,,,,https://i.discogs.com/940AZNLxUD98KGyW6uRvGp0N9fTlVNvFz80tvWixoE0/rs:fit/g:sm/q:90/h:613/w:600/czM6Ly9kaXNjb2dz/LWRhdGFiYXNlLWlt/YWdlcy9SLTE2MDE3/MDUtMTI4MTc1MDQx/My5qcGVn.jpeg,,Lake (2) - Lake,,Lake (2) - Lake | Village Record Club,Lake (2) - Lake is available to add to your wishlist.,,,,,,,,,,,,,,,,,,,,Active
Esperanza Spalding - Junjo,Esperanza Spalding - Junjo,,Village Record Club,Media > Music & Sound Recordings > Records & LPs,album,"Vinyl,LP,Album,Reissue, Ayva Musica,Ayva Musica,AYVA Musica Producciones, S.L.,AYVA Musica Producciones, S.L.,PBS Studios,GZ Digital Media, Jazz, Contemporary Jazz",,,,,,,,,,,,deny,manual,,,,,,https://i.discogs.com/foV18VvfuzkXr-DXfqi7d9_oj1J470PoeFc35uAzN2w/rs:fit/g:sm/q:90/h:594/w:600/czM6Ly9kaXNjb2dz/LWRhdGFiYXNlLWlt/YWdlcy9SLTM3NzIy/NzctMTU2MTE1OTgz/NC00OTY0LmpwZWc.jpeg,,Esperanza Spalding - Junjo,,Esperanza Spalding - Junjo | Village Record Club,Esperanza Spalding - Junjo is available to add to your wishlist.,,,,,,,,,,,,,,,,,,,,Active
Fat Joe - Flow Joe,Fat Joe - Flow Joe,,Village Record Club,Media > Music & Sound Recordings > Records & LPs,album,"Vinyl,12"",33 ⅓ RPM, Relativity,Violator Records,Jazzy Jay Studio,Power Play Studios,Frankford/Wayne Mastering Labs,Joseph Cartagena Music,Relativity Records, Inc.,Violator Records,Relativity Records, Inc.,Violator Records,Relativity Records, Inc., Hip Hop, Thug Rap,Hardcore Hip-Hop",,,,,,,,,,,,deny,manual,,,,,,https://i.discogs.com/WISOfga_t1KqaMcmVMmJ0PaslWQILqR6MgFuF3I9kzw/rs:fit/g:sm/q:90/h:606/w:600/czM6Ly9kaXNjb2dz/LWRhdGFiYXNlLWlt/YWdlcy9SLTM1NDY1/MC0xMjg5ODU1Njg1/LmpwZWc.jpeg,,Fat Joe - Flow Joe,,Fat Joe - Flow Joe | Village Record Club,Fat Joe - Flow Joe is available to add to your wishlist.,,,,,,,,,,,,,,,,,,,,Active
Fiona Apple - Fetch The Bolt Cutters,Fiona Apple - Fetch The Bolt Cutters,,Village Record Club,Media > Music & Sound Recordings > Records & LPs,album,"Vinyl,LP,Album, Epic,Clean Slate,Sony Music Entertainment,Epic Records,Noiseland Industries,Epic Records,Epic Records,MPO,Grow Your Own Music,Hazel's Revenge Music,Housebear Music,Thousand Roses Songs,Sonic Ranch Studios,Stanley Recordings,Waystation,Sterling Sound, Rock,Pop, ",,,,,,,,,,,,deny,manual,,,,,,https://i.discogs.com/p0ybFuInc2GWw8ra0HXk6Wv94Vw-h5d5uWaNrUlfijs/rs:fit/g:sm/q:90/h:600/w:600/czM6Ly9kaXNjb2dz/LWRhdGFiYXNlLWlt/YWdlcy9SLTE1NjM0/MDMxLTE1OTYyODQ3/NzUtODA4MS5qcGVn.jpeg,,Fiona Apple - Fetch The Bolt Cutters,,Fiona Apple - Fetch The Bolt Cutters | Village Record Club,Fiona Apple - Fetch The Bolt Cutters is available to add to your wishlist.,,,,,,,,,,,,,,,,,,,,Active
Foals - Total Life Forever,Foals - Total Life Forever,,Village Record Club,Media > Music & Sound Recordings > Records & LPs,album,"Vinyl,LP,Album, Warner Bros. Records,Transgressive Records,Warner Music UK Ltd.,Warner Music UK Ltd.,Universal Music Publishing Ltd.,Svenska Grammofonstudion,Assault And Battery Studios,Motor Museum,Assault And Battery Studios,Marcussen Mastering,Unity Mastering, Electronic,Rock, Leftfield,Indie Rock,Experimental",,,,,,,,,,,,deny,manual,,,,,,https://i.discogs.com/rq0sOMpA_voKTljwSj51kOq8ucrcBMldlI-_as7xzOo/rs:fit/g:sm/q:90/h:600/w:597/czM6Ly9kaXNjb2dz/LWRhdGFiYXNlLWlt/YWdlcy9SLTIyODEz/NjUtMTQ1MjgxNjA2/Ni0zMjcwLmpwZWc.jpeg,,Foals - Total Life Forever,,Foals - Total Life Forever | Village Record Club,Foals - Total Life Forever is available to add to your wishlist.,,,,,,,,,,,,,,,,,,,,Active
Françoise Hardy - Le Premier Bonheur Du Jour,Françoise Hardy - Le Premier Bonheur Du Jour,,Village Record Club,Media > Music & Sound Recordings > Records & LPs,album,"Vinyl,7"",45 RPM,EP, Disques Vogue,Disques Vogue,Manufacture De Productions Phonographiques Vogue,Dillard et Cie. Imp. Paris,Edition Alpha, Rock,Pop, Chanson,Yé-Yé",,,,,,,,,,,,deny,manual,,,,,,https://i.discogs.com/EvDj1TnO1H0EeXoxQS1a9NL-QT9lMQwz2v-54rIHa0I/rs:fit/g:sm/q:90/h:594/w:600/czM6Ly9kaXNjb2dz/LWRhdGFiYXNlLWlt/YWdlcy9SLTEyNDI4/NjktMTI0NzQzNDIx/Mi5qcGVn.jpeg,,Françoise Hardy - Le Premier Bonheur Du Jour,,Françoise Hardy - Le Premier Bonheur Du Jour | Village Record Club,Françoise Hardy - Le Premier Bonheur Du Jour is available to add to your wishlist.,,,,,,,,,,,,,,,,,,,,Active
Future (4) & Metro Boomin - We Dont Trust You,Future (4) & Metro Boomin - We Dont Trust You,,Village Record Club,Media > Music & Sound Recordings > Records & LPs,album,"Vinyl,LP,Album,Limited Edition,Stereo, Freebandz Entertainment,Boominati Worldwide,Epic,Republic Records,Epic Records,Wilburn Holding Co.,Wilburn Holding Co.,Boominati Worldwide,Boominati Worldwide,Memphis Record Pressing,GZ Media,Sterling Sound,The Pharmacy Studios,The Pharmacy Studios,Criteria Recording Studios, Hip Hop, Trap,Gangsta",,,,,,,,,,,,deny,manual,,,,,,https://i.discogs.com/XNKGWGDkNL-4cCgM5CVnoDczKAirgGhX4IJ7AvCw0lA/rs:fit/g:sm/q:90/h:591/w:600/czM6Ly9kaXNjb2dz/LWRhdGFiYXNlLWlt/YWdlcy9SLTMxMDkz/ODYyLTE3MTk3MDQz/NTgtNTc0NC5qcGVn.jpeg,,Future (4) & Metro Boomin - We Dont Trust You,,Future (4) & Metro Boomin - We Dont Trust You | Village Record Club,Future (4) & Metro Boomin - We Dont Trust You is available to add to your wishlist.,,,,,,,,,,,,,,,,,,,,Active
Georgie Sweet - Misunderstood,Georgie Sweet - Misunderstood,,Village Record Club,Media > Music & Sound Recordings > Records & LPs,album,"Vinyl,LP,Album,Limited Edition, Futuristica Music,Groove Distribution,Westbury Music, Electronic,Funk / Soul, Neo Soul,Broken Beat",,,,,,,,,,,,deny,manual,,,,,,https://i.discogs.com/5ywj2RrChsoEZRGs4h2i_CKU7qPVh9_zpVAYzcu1ki8/rs:fit/g:sm/q:90/h:600/w:600/czM6Ly9kaXNjb2dz/LWRhdGFiYXNlLWlt/YWdlcy9SLTE2Mzcw/MDYxLTE2MDkxNDgw/MjAtODAyMC5qcGVn.jpeg,,Georgie Sweet - Misunderstood,,Georgie Sweet - Misunderstood | Village Record Club,Georgie Sweet - Misunderstood is available to add to your wishlist.,,,,,,,,,,,,,,,,,,,,Active
"Godspeed You! Black Emperor* - No Title As Of 13 February 2024 28,340 Dead","Godspeed You! Black Emperor* - No Title As Of 13 February 2024 28,340 Dead",,Village Record Club,Media > Music & Sound Recordings > Records & LPs,album,"Vinyl,LP,Album,Stereo, Constellation,SODEC Quebec,FACTOR,Hotel2Tango,Grey Market Mastering,Optimal Media GmbH,Optimal Media GmbH, Rock, Post Rock,Drone",,,,,,,,,,,,deny,manual,,,,,,https://i.discogs.com/NqJF169VvBO7wNJ_KikcDHKGssW4it_vrrmi3KiWaEw/rs:fit/g:sm/q:90/h:592/w:600/czM6Ly9kaXNjb2dz/LWRhdGFiYXNlLWlt/YWdlcy9SLTMxODUw/MjE2LTE3MzAxOTY5/NTItMTY1NS5qcGVn.jpeg,,"Godspeed You! Black Emperor* - No Title As Of 13 February 2024 28,340 Dead",,"Godspeed You! Black Emperor* - No Title As Of 13 February 2024 28,340 Dead | Village Record Club","Godspeed You! Black Emperor* - No Title As Of 13 February 2024 28,340 Dead is available to add to your wishlist.",,,,,,,,,,,,,,,,,,,,Active
Gravediggaz - 6 Feet Deep,Gravediggaz - 6 Feet Deep,,Village Record Club,Media > Music & Sound Recordings > Records & LPs,album,"Vinyl,LP,Album,Club Edition,Reissue,Remastered, eOne,Vinyl Me, Please. Rap & Hip Hop,Vinyl Me, Please,Offbeat Ventures, LLC,Alchemy Mastering At AIR,GZ Media,Berkeley Publishing,Wu-Tang Publishing,A. Hamilton,Prinse Pawl Musick,Babyfingers Music,Harlem Music,August Moon Music,GLC Sound Studios,Paul's Coffee Shop,Firehouse Studio, NYC,Platinum Island Studios,Hit Factory Mastering,Greene St. Recording, Hip Hop, Horrorcore",,,,,,,,,,,,deny,manual,,,,,,https://i.discogs.com/2sFaM3g4eRc2DkYyhkYh3Cev6qEg6wmn2GT8Jopwg-0/rs:fit/g:sm/q:90/h:600/w:600/czM6Ly9kaXNjb2dz/LWRhdGFiYXNlLWlt/YWdlcy9SLTI0MTM4/NzQ2LTE2NTk5OTE4/MDItMjQzNC5qcGVn.jpeg,,Gravediggaz - 6 Feet Deep,,Gravediggaz - 6 Feet Deep | Village Record Club,Gravediggaz - 6 Feet Deep is available to add to your wishlist.,,,,,,,,,,,,,,,,,,,,Active
Gwen Stefani - You Make It Feel Like Christmas,Gwen Stefani - You Make It Feel Like Christmas,,Village Record Club,Media > Music & Sound Recordings > Records & LPs,album,"Vinyl,LP,Album,Deluxe Edition,Reissue, Interscope Records,Interscope Records, Inc.,Interscope Records, Inc., Jazz,Pop, Easy Listening,Big Band,Vocal,Holiday",,,,,,,,,,,,deny,manual,,,,,,https://i.discogs.com/uhYlsXTz237eo-7x9lliFMZOikJst73Qx4vHxt7kUyE/rs:fit/g:sm/q:90/h:595/w:600/czM6Ly9kaXNjb2dz/LWRhdGFiYXNlLWlt/YWdlcy9SLTIwNTM1/MjAyLTE2Mzg3MjYz/NDMtNzg0Mi5qcGVn.jpeg,,Gwen Stefani - You Make It Feel Like Christmas,,Gwen Stefani - You Make It Feel Like Christmas | Village Record Club,Gwen Stefani - You Make It Feel Like Christmas is available to add to your wishlist.,,,,,,,,,,,,,,,,,,,,Active
Herbie Hancock - Head Hunters,Herbie Hancock - Head Hunters,,Village Record Club,Media > Music & Sound Recordings > Records & LPs,album,"Vinyl,LP,Album, Columbia,CBS Inc.,David Rubinson And Friends, Inc.,Wally Heider Studios,Different Fur Studios,Hancock Music Company,Columbia Records,Catero Sound Company,Columbia Records Pressing Plant, Pitman, Jazz, Jazz-Funk",,,,,,,,,,,,deny,manual,,,,,,https://i.discogs.com/PzhEnDeEy-u3foEvF-q1mPZDeTGt__d6k4j9XUZ7q_c/rs:fit/g:sm/q:90/h:600/w:600/czM6Ly9kaXNjb2dz/LWRhdGFiYXNlLWlt/YWdlcy9SLTMxMzgx/LTE0MzMyNTkxNDMt/ODUyMi5qcGVn.jpeg,,Herbie Hancock - Head Hunters,,Herbie Hancock - Head Hunters | Village Record Club,Herbie Hancock - Head Hunters is available to add to your wishlist.,,,,,,,,,,,,,,,,,,,,Active
Hugh Mundell - Blackman's Foundation,Hugh Mundell - Blackman's Foundation,,Village Record Club,Media > Music & Sound Recordings > Records & LPs,album,"Vinyl,LP,Album, Shanachie, Reggae, Roots Reggae",,,,,,,,,,,,deny,manual,,,,,,https://i.discogs.com/2SNYIveOVzrzHNzh78txSIGyqVj8rmedOhb3Y7nALNw/rs:fit/g:sm/q:90/h:596/w:600/czM6Ly9kaXNjb2dz/LWRhdGFiYXNlLWlt/YWdlcy9SLTE1MjIy/MzUtMTI2ODEyMjA3/MS5qcGVn.jpeg,,Hugh Mundell - Blackman's Foundation,,Hugh Mundell - Blackman's Foundation | Village Record Club,Hugh Mundell - Blackman's Foundation is available to add to your wishlist.,,,,,,,,,,,,,,,,,,,,Active
Iris DeMent - Infamous Angel,Iris DeMent - Infamous Angel,,Village Record Club,Media > Music & Sound Recordings > Records & LPs,album,"Vinyl,LP,Album,Club Edition,Reissue,Remastered, Yep Roc Records,Cowboy Arms Hotel And Recording Spa,Jack's Tracks Recording Studio,Georgetown Masters,VMP Country,GZ Media,Yep Roc Records,Yep Roc Records,Redeye,Redeye,Vinyl Me, Please, Folk, World, & Country, Country,Folk",,,,,,,,,,,,deny,manual,,,,,,https://i.discogs.com/cocugAKdzX59nRs4hhWO6s9fE607b-5t027LgOvmWxI/rs:fit/g:sm/q:90/h:600/w:600/czM6Ly9kaXNjb2dz/LWRhdGFiYXNlLWlt/YWdlcy9SLTIxNzEw/NDczLTE2NDIxNzU2/NzgtNjk5NC5qcGVn.jpeg,,Iris DeMent - Infamous Angel,,Iris DeMent - Infamous Angel | Village Record Club,Iris DeMent - Infamous Angel is available to add to your wishlist.,,,,,,,,,,,,,,,,,,,,Active
Jack White (2) - No Name,Jack White (2) - No Name,,Village Record Club,Media > Music & Sound Recordings > Records & LPs,album,"Vinyl,LP,Album,Limited Edition, Third Man Records,Third Man Studio,Third String Tunes,Universal Music Corp.,Bernie Grundman Mastering,Jack White,Third Man Records,Third Man Pressing,Third Man Pressing, Rock, Alternative Rock,Garage Rock,Blues Rock",,,,,,,,,,,,deny,manual,,,,,,https://i.discogs.com/6DCsx6O_OE0XOzMH79-J48Guef1jHhjDdRJ25IwMQpY/rs:fit/g:sm/q:90/h:601/w:600/czM6Ly9kaXNjb2dz/LWRhdGFiYXNlLWlt/YWdlcy9SLTMxMzY2/Nzc3LTE3MjQyMTE1/NTgtNzg2MS5qcGVn.jpeg,,Jack White (2) - No Name,,Jack White (2) - No Name | Village Record Club,Jack White (2) - No Name is available to add to your wishlist.,,,,,,,,,,,,,,,,,,,,Active
Japandroids - Massey Fucking Hall,Japandroids - Massey Fucking Hall,,Village Record Club,Media > Music & Sound Recordings > Records & LPs,album,"Vinyl,LP,Album,Limited Edition,Stereo, Anti-, Rock, Indie Rock",,,,,,,,,,,,deny,manual,,,,,,https://i.discogs.com/YIPgniBSt9-YVMOHYKJ6YadUy88WuQlgZB3ACegOgrc/rs:fit/g:sm/q:90/h:600/w:600/czM6Ly9kaXNjb2dz/LWRhdGFiYXNlLWlt/YWdlcy9SLTE2MTIy/NDM3LTE2MDM4MDk4/MzctNTMxOS5qcGVn.jpeg,,Japandroids - Massey Fucking Hall,,Japandroids - Massey Fucking Hall | Village Record Club,Japandroids - Massey Fucking Hall is available to add to your wishlist.,,,,,,,,,,,,,,,,,,,,Active
Jerry Goldsmith - Rambo: The Jerry Goldsmith Vinyl Collection,Jerry Goldsmith - Rambo: The Jerry Goldsmith Vinyl Collection,,Village Record Club,Media > Music & Sound Recordings > Records & LPs,album,"Box Set,Limited Edition,Vinyl,LP,Album,Reissue,Remastered,Vinyl,LP,Album,Reissue,Remastered,Vinyl,LP,Album,Reissue,Remastered, Quartet Records, Brass & Military,Stage & Screen, Soundtrack,Score",,,,,,,,,,,,deny,manual,,,,,,https://i.discogs.com/9e0mQ_7raMCETZP2RKSnGsv58a3vZcfWoSGKESNq8t8/rs:fit/g:sm/q:90/h:593/w:600/czM6Ly9kaXNjb2dz/LWRhdGFiYXNlLWlt/YWdlcy9SLTI1MzQ4/NDgzLTE2NzYzNjky/MTUtMzQ3OC5qcGVn.jpeg,,Jerry Goldsmith - Rambo: The Jerry Goldsmith Vinyl Collection,,Jerry Goldsmith - Rambo: The Jerry Goldsmith Vinyl Collection | Village Record Club,Jerry Goldsmith - Rambo: The Jerry Goldsmith Vinyl Collection is available to add to your wishlist.,,,,,,,,,,,,,,,,,,,,Active
John Carroll Kirby - Blowout,John Carroll Kirby - Blowout,,Village Record Club,Media > Music & Sound Recordings > Records & LPs,album,"Vinyl,LP,Album, Stones Throw Records,W Ave 34 Studios,Elysian Masters,Stones Throw Studios, Jazz,Funk / Soul, Contemporary Jazz,Jazz-Funk,Soul-Jazz,Disco,Nu-Disco,Boogie",,,,,,,,,,,,deny,manual,,,,,,https://i.discogs.com/HyvHU4tQAojeHiT4gpNmXVn3HXJ0pbf3vzHJo4OVJ4E/rs:fit/g:sm/q:90/h:598/w:600/czM6Ly9kaXNjb2dz/LWRhdGFiYXNlLWlt/YWdlcy9SLTI3MzUz/MTAwLTE2ODgxNTIw/NjUtMjAzMi5qcGVn.jpeg,,John Carroll Kirby - Blowout,,John Carroll Kirby - Blowout | Village Record Club,John Carroll Kirby - Blowout is available to add to your wishlist.,,,,,,,,,,,,,,,,,,,,Active
Johnny Cash - American Recordings,Johnny Cash - American Recordings,,Village Record Club,Media > Music & Sound Recordings > Records & LPs,album,"Vinyl,LP,Album,Reissue,Stereo, American Recordings,The American Recordings,Back To Black,American Recordings, LLC,American Recordings, LLC,Rick's Living Room,Cash Cabin Studio,The Viper Room,Precision Mastering,GZ Media, Folk, World, & Country, Country,Gospel,Folk",,,,,,,,,,,,deny,manual,,,,,,https://i.discogs.com/E8nAdmZJkeM9KNn8gLDG-SHXRptwxqvHVz1TSDSw3p4/rs:fit/g:sm/q:90/h:400/w:400/czM6Ly9kaXNjb2dz/LWRhdGFiYXNlLWlt/YWdlcy9SLTU1MTY4/MTItMTM5NTQxNTU5/MS04ODkyLmpwZWc.jpeg,,Johnny Cash - American Recordings,,Johnny Cash - American Recordings | Village Record Club,Johnny Cash - American Recordings is available to add to your wishlist.,,,,,,,,,,,,,,,,,,,,Active
Joy Division - Substance,Joy Division - Substance,,Village Record Club,Media > Music & Sound Recordings > Records & LPs,album,"Vinyl,LP,Compilation,Reissue,Remastered, Factory,Vinyl Collector,Factory Records,Warner Records 90 Ltd.,Warner Records 90 Ltd.,Fractured Music,Zomba Music,Optimal Media GmbH,Optimal Media GmbH,Abbey Road Studios, Rock, New Wave,Post-Punk,Punk",,,,,,,,,,,,deny,manual,,,,,,https://i.discogs.com/htJdcDp16buKI2-zIzrKhmsw5ue4aASzEKNY1RtbMu4/rs:fit/g:sm/q:90/h:574/w:600/czM6Ly9kaXNjb2dz/LWRhdGFiYXNlLWlt/YWdlcy9SLTcxMzIz/NTEtMTY0NDgwNzcx/NS02NjExLmpwZWc.jpeg,,Joy Division - Substance,,Joy Division - Substance | Village Record Club,Joy Division - Substance is available to add to your wishlist.,,,,,,,,,,,,,,,,,,,,Active
Kamasi Washington - Becoming (Music From The Netflix Original Documentary),Kamasi Washington - Becoming (Music From The Netflix Original Documentary),,Village Record Club,Media > Music & Sound Recordings > Records & LPs,album,"Vinyl,LP, Young Turks Recordings,Shoto Mas Inc.,Shoto Mas Inc.,Young Turks Recordings Ltd,Kamasi Washington,Kamasi Music,Words And Music Worldwide,Sunset Sound,Optimal Media GmbH,Young Turks, Jazz, Soundtrack,Score",,,,,,,,,,,,deny,manual,,,,,,https://i.discogs.com/ovDf9ARRfqdZu-foh9DuI7qpo3h3kJVzMj-VgzYaKLk/rs:fit/g:sm/q:90/h:600/w:600/czM6Ly9kaXNjb2dz/LWRhdGFiYXNlLWlt/YWdlcy9SLTE2MzM2/NDEzLTE2MDcyMzg5/ODQtNzg0OS5qcGVn.jpeg,,Kamasi Washington - Becoming (Music From The Netflix Original Documentary),,Kamasi Washington - Becoming (Music From The Netflix Original Documentary) | Village Record Club,Kamasi Washington - Becoming (Music From The Netflix Original Documentary) is available to add to your wishlist.,,,,,,,,,,,,,,,,,,,,Active
Kenny Burrell - Kenny Burrell,Kenny Burrell - Kenny Burrell,,Village Record Club,Media > Music & Sound Recordings > Records & LPs,album,"Vinyl,LP,Album,Reissue,Mono, Blue Note,Blue Note,Blue Note,Blue Note,Blue Note Tone Poet Series,UMG Recordings, Inc.,Capitol Records, LLC,Blue Note Records,UMG Recordings, Inc.,Mosaic Images LLC,Universal Music Enterprises,Audio-Video Studios,Van Gelder Studio, Hackensack, New Jersey,Café Bohemia,Cohearent Audio,Cohearent Audio,Record Technology Incorporated,Stoughton Printing Co., Jazz, Hard Bop",,,,,,,,,,,,deny,manual,,,,,,https://i.discogs.com/fFpKtirsWK6kOUb7Jj3guQFgTscayUbJkXAqzSfHpqA/rs:fit/g:sm/q:90/h:607/w:600/czM6Ly9kaXNjb2dz/LWRhdGFiYXNlLWlt/YWdlcy9SLTI0NzYy/MzExLTE2NjUyNzcy/NjgtMjA5My5qcGVn.jpeg,,Kenny Burrell - Kenny Burrell,,Kenny Burrell - Kenny Burrell | Village Record Club,Kenny Burrell - Kenny Burrell is available to add to your wishlist.,,,,,,,,,,,,,,,,,,,,Active
King Gizzard And The Lizard Wizard - Infest The Rats' Nest,King Gizzard And The Lizard Wizard - Infest The Rats' Nest,,Village Record Club,Media > Music & Sound Recordings > Records & LPs,album,"Vinyl,LP,Album, Flightless,Flightless Records,Flightless Records,ATO Records, LLC,GZ Media, Rock, Heavy Metal,Thrash,Stoner Rock",,,,,,,,,,,,deny,manual,,,,,,https://i.discogs.com/LTjd8E_3rmzlPsbIZyVoObErGW5QsJgAbQDNcwB1YW0/rs:fit/g:sm/q:90/h:600/w:600/czM6Ly9kaXNjb2dz/LWRhdGFiYXNlLWlt/YWdlcy9SLTEzOTky/MzUyLTE3MjEzMjI4/NjQtMTA0MS5qcGVn.jpeg,,King Gizzard And The Lizard Wizard - Infest The Rats' Nest,,King Gizzard And The Lizard Wizard - Infest The Rats' Nest | Village Record Club,King Gizzard And The Lizard Wizard - Infest The Rats' Nest is available to add to your wishlist.,,,,,,,,,,,,,,,,,,,,Active
"Kouhei Tanaka, Shiro Hamaguchi, Keiji Inai, Yasuhisa Murase - One Piece : New World - Original Soundtrack","Kouhei Tanaka, Shiro Hamaguchi, Keiji Inai, Yasuhisa Murase - One Piece : New World - Original Soundtrack",,Village Record Club,Media > Music & Sound Recordings > Records & LPs,album,"All Media,Compilation,Limited Edition,Stereo,Vinyl,LP,Vinyl,LP, Kana Music, Stage & Screen, Soundtrack,Anison",,,,,,,,,,,,deny,manual,,,,,,https://i.discogs.com/xZFi94U-6XbtBI3V9YyakJcNadhvP2b4JTHMjGl4amI/rs:fit/g:sm/q:90/h:599/w:600/czM6Ly9kaXNjb2dz/LWRhdGFiYXNlLWlt/YWdlcy9SLTIzNzg0/MTkxLTE2NTk3MTA0/MjQtODE0My5qcGVn.jpeg,,"Kouhei Tanaka, Shiro Hamaguchi, Keiji Inai, Yasuhisa Murase - One Piece : New World - Original Soundtrack",,"Kouhei Tanaka, Shiro Hamaguchi, Keiji Inai, Yasuhisa Murase - One Piece : New World - Original Soundtrack | Village Record Club","Kouhei Tanaka, Shiro Hamaguchi, Keiji Inai, Yasuhisa Murase - One Piece : New World - Original Soundtrack is available to add to your wishlist.",,,,,,,,,,,,,,,,,,,,Active
LL Cool J - Authentic,LL Cool J - Authentic,,Village Record Club,Media > Music & Sound Recordings > Records & LPs,album,"Vinyl,LP,Album, 429 Records, Hip Hop, Pop Rap",,,,,,,,,,,,deny,manual,,,,,,https://i.discogs.com/lbNALs-mQH8l8znQwZidK1C7ghszU3wYxYMo2JbfZIY/rs:fit/g:sm/q:90/h:600/w:600/czM6Ly9kaXNjb2dz/LWRhdGFiYXNlLWlt/YWdlcy9SLTY5NDkw/ODYtMTQzMDE4OTQ0/MC04MDQzLmpwZWc.jpeg,,LL Cool J - Authentic,,LL Cool J - Authentic | Village Record Club,LL Cool J - Authentic is available to add to your wishlist.,,,,,,,,,,,,,,,,,,,,Active
Laura Mvula - Sing To The Moon,Laura Mvula - Sing To The Moon,,Village Record Club,Media > Music & Sound Recordings > Records & LPs,album,"Vinyl,LP,Album, RCA Victor,Sony Music,Sony Music Entertainment UK Limited,Sony Music Entertainment UK Limited,Sony Music Entertainment,Universal Music Publishing,Sony ATV,EMI Music,Jobete Music,BrownDog Music Ltd.,LA Sound London,LA Sound London,Electric Lady Studios,212 Studios,Air Mastering,360 Mastering,Optimal Media GmbH, Pop, Vocal",,,,,,,,,,,,deny,manual,,,,,,https://i.discogs.com/WnD95F77-OSexi-cjWRcwdn_cl60htGTI7PhOpQWDLY/rs:fit/g:sm/q:90/h:600/w:600/czM6Ly9kaXNjb2dz/LWRhdGFiYXNlLWlt/YWdlcy9SLTQ1NDc5/MjQtMTQzNjc4MDg3/MS03MDU1LmpwZWc.jpeg,,Laura Mvula - Sing To The Moon,,Laura Mvula - Sing To The Moon | Village Record Club,Laura Mvula - Sing To The Moon is available to add to your wishlist.,,,,,,,,,,,,,,,,,,,,Active
Lil Yachty - Lil Boat 2,Lil Yachty - Lil Boat 2,,Village Record Club,Media > Music & Sound Recordings > Records & LPs,album,"Vinyl,LP,Album,Stereo, Quality Control Music,Capitol Records,Motown, Hip Hop, Trap",,,,,,,,,,,,deny,manual,,,,,,https://i.discogs.com/K-CCE2HkTUV5DzS45K729UsK2mJJmyC7bUJqih-l9Yc/rs:fit/g:sm/q:90/h:600/w:600/czM6Ly9kaXNjb2dz/LWRhdGFiYXNlLWlt/YWdlcy9SLTEyMjUw/NjE3LTE2MzcxMDAx/NTktODM1Ny5qcGVn.jpeg,,Lil Yachty - Lil Boat 2,,Lil Yachty - Lil Boat 2 | Village Record Club,Lil Yachty - Lil Boat 2 is available to add to your wishlist.,,,,,,,,,,,,,,,,,,,,Active
Loathe (2) - I Let It In And It Took Everything,Loathe (2) - I Let It In And It Took Everything,,Village Record Club,Media > Music & Sound Recordings > Records & LPs,album,"Vinyl,LP,Album,Repress, SharpTone,SharpTone Records, INC,SharpTone Records, INC,GZ Media,XVINYLX.COM, Rock, Metalcore,Alternative Rock,Post-Hardcore",,,,,,,,,,,,deny,manual,,,,,,https://i.discogs.com/0Nzih9rG9uFOp4NpqFrUa_-NbbKe03Kq1pLPADeeAAY/rs:fit/g:sm/q:90/h:600/w:600/czM6Ly9kaXNjb2dz/LWRhdGFiYXNlLWlt/YWdlcy9SLTE2ODAy/OTY3LTE3MDgxMDA2/MzktMTcxNS5qcGVn.jpeg,,Loathe (2) - I Let It In And It Took Everything,,Loathe (2) - I Let It In And It Took Everything | Village Record Club,Loathe (2) - I Let It In And It Took Everything is available to add to your wishlist.,,,,,,,,,,,,,,,,,,,,Active
Luna (5) - Lunafied,Luna (5) - Lunafied,,Village Record Club,Media > Music & Sound Recordings > Records & LPs,album,"Vinyl,LP,Compilation,Numbered, Run Out Groove,Elektra Entertainment,Elektra Entertainment,Rhino Entertainment Company,Run Out Groove,Record Industry,Stoughton Printing Co.,Take Out Vinyl,Verdant Studio, Athens, VT,Sam Phillips Recording Studio, Rock, Indie Rock,Dream Pop",,,,,,,,,,,,deny,manual,,,,,,https://i.discogs.com/GX-YFmrd59eQ3VemHwj3njtQ1DlBLloxBWE8sWmyRGE/rs:fit/g:sm/q:90/h:612/w:600/czM6Ly9kaXNjb2dz/LWRhdGFiYXNlLWlt/YWdlcy9SLTEyODQ2/NzQyLTE1NDM4NzE0/NDAtODI1My5qcGVn.jpeg,,Luna (5) - Lunafied,,Luna (5) - Lunafied | Village Record Club,Luna (5) - Lunafied is available to add to your wishlist.,,,,,,,,,,,,,,,,,,,,Active
Maceo Parker - Dial: Maceo,Maceo Parker - Dial: Maceo,,Village Record Club,Media > Music & Sound Recordings > Records & LPs,album,"Vinyl,LP,Album,Stereo, ESC Records,EFA Medien GmbH,EFA Medien GmbH,Universal Music Publishing,Emancipated Music,Ensign Music Corp.,Scarab Music,Editions Jean-Marie Salhani,Dan's House Of Love,Dan's House Of Love,Paisley Park Studios,Dan's House Of Love,Paisley Park Studios,Sterling Sound, Jazz,Funk / Soul, Jazz-Funk",,,,,,,,,,,,deny,manual,,,,,,https://i.discogs.com/QG0arQ_39hsx7PPVfGJoNbNAD7NMKf9YJhkeaiwpezU/rs:fit/g:sm/q:90/h:599/w:600/czM6Ly9kaXNjb2dz/LWRhdGFiYXNlLWlt/YWdlcy9SLTIyMzIw/NDctMTQ5MTg4NDMx/NS04MjM1LmpwZWc.jpeg,,Maceo Parker - Dial: Maceo,,Maceo Parker - Dial: Maceo | Village Record Club,Maceo Parker - Dial: Maceo is available to add to your wishlist.,,,,,,,,,,,,,,,,,,,,Active
Machine Gun Kelly (2) - Mainstream Sellout,Machine Gun Kelly (2) - Mainstream Sellout,,Village Record Club,Media > Music & Sound Recordings > Records & LPs,album,"Vinyl,LP,Album,Limited Edition, Bad Boy Entertainment,Walmart,Interscope Records,Bad Boy Entertainment,Bad Boy Entertainment,Interscope Records,Interscope Records, Rock, Alternative Rock,Pop Punk",,,,,,,,,,,,deny,manual,,,,,,https://i.discogs.com/Y1QtWTHEn5fNsg0xVLnuA3FM813Du0nyYbMzs8yyIjw/rs:fit/g:sm/q:90/h:600/w:600/czM6Ly9kaXNjb2dz/LWRhdGFiYXNlLWlt/YWdlcy9SLTIzNjc4/NjMzLTE3MDgzNTEw/NjgtNzY1Ny5qcGVn.jpeg,,Machine Gun Kelly (2) - Mainstream Sellout,,Machine Gun Kelly (2) - Mainstream Sellout | Village Record Club,Machine Gun Kelly (2) - Mainstream Sellout is available to add to your wishlist.,,,,,,,,,,,,,,,,,,,,Active
Mannheim Steamroller - Christmas 35th Anniversary By Chip Davis,Mannheim Steamroller - Christmas 35th Anniversary By Chip Davis,,Village Record Club,Media > Music & Sound Recordings > Records & LPs,album,"Vinyl,LP,Reissue,Stereo, American Gramaphone Records, Electronic,Classical, Classical,Contemporary,Renaissance,Holiday,Neo-Classical,New Age",,,,,,,,,,,,deny,manual,,,,,,https://st.discogs.com/7dd103235bf6c86ca1a3cf9ee25d843e2b0f1ea2/images/spacer.gif,,Mannheim Steamroller - Christmas 35th Anniversary By Chip Davis,,Mannheim Steamroller - Christmas 35th Anniversary By Chip Davis | Village Record Club,Mannheim Steamroller - Christmas 35th Anniversary By Chip Davis is available to add to your wishlist.,,,,,,,,,,,,,,,,,,,,Active
Marvin Gaye - Let's Get It On,Marvin Gaye - Let's Get It On,,Village Record Club,Media > Music & Sound Recordings > Records & LPs,album,"Vinyl,LP,Album, Tamla,Tamla,Motown Record Corporation,Motown Record Corporation,Jobete Music Co., Inc.,Cherritown Music Co., Inc.,RCA Records Pressing Plant, Hollywood, Funk / Soul, Soul",,,,,,,,,,,,deny,manual,,,,,,https://i.discogs.com/irMtHqitN4J-eCI859MA-31K6mJmDoJzDiHfTdY7684/rs:fit/g:sm/q:90/h:606/w:600/czM6Ly9kaXNjb2dz/LWRhdGFiYXNlLWlt/YWdlcy9SLTMwNTQz/OC0xNTUwNTg0NDY5/LTg0MTkuanBlZw.jpeg,,Marvin Gaye - Let's Get It On,,Marvin Gaye - Let's Get It On | Village Record Club,Marvin Gaye - Let's Get It On is available to add to your wishlist.,,,,,,,,,,,,,,,,,,,,Active
Melanie C - Northern Star,Melanie C - Northern Star,,Village Record Club,Media > Music & Sound Recordings > Records & LPs,album,"Vinyl,LP,Record Store Day,Vinyl,LP,Single Sided,Record Store Day,Etched,All Media,Album,Reissue, EMI,UMC,Virgin Records Ltd.,Virgin Records Ltd.,Universal International Music B.V.,GZ Media,Sterling Sound,Yacht Associates, Electronic,Rock,Pop, Pop Rock,Soft Rock,Downtempo",,,,,,,,,,,,deny,manual,,,,,,https://i.discogs.com/u1zMfNDk_xuCz9RFOjtmCykc4KZHx0O-3EXr9J5TwSw/rs:fit/g:sm/q:90/h:600/w:600/czM6Ly9kaXNjb2dz/LWRhdGFiYXNlLWlt/YWdlcy9SLTIyOTQ4/NTc3LTE2NTA3MTM2/NjEtMTc1NS5qcGVn.jpeg,,Melanie C - Northern Star,,Melanie C - Northern Star | Village Record Club,Melanie C - Northern Star is available to add to your wishlist.,,,,,,,,,,,,,,,,,,,,Active
Michael Jackson - Yokohama Short Stories,Michael Jackson - Yokohama Short Stories,,Village Record Club,Media > Music & Sound Recordings > Records & LPs,album,"Vinyl,LP,Unofficial Release,Stereo, Pearl Hunters Records,Live Legends,Yokohama Stadium, Pop, ",,,,,,,,,,,,deny,manual,,,,,,https://i.discogs.com/k4cKH6rd6goI6XWabg-0bVrto93jus98ATgNDj_bW5M/rs:fit/g:sm/q:90/h:610/w:600/czM6Ly9kaXNjb2dz/LWRhdGFiYXNlLWlt/YWdlcy9SLTE2NDkx/NTkxLTE2MDgxMTk3/OTUtMzA0MS5qcGVn.jpeg,,Michael Jackson - Yokohama Short Stories,,Michael Jackson - Yokohama Short Stories | Village Record Club,Michael Jackson - Yokohama Short Stories is available to add to your wishlist.,,,,,,,,,,,,,,,,,,,,Active
Misfits - Twilight Of The Dead,Misfits - Twilight Of The Dead,,Village Record Club,Media > Music & Sound Recordings > Records & LPs,album,"Vinyl,12"",33 ⅓ RPM,Limited Edition, Misfits Records,Cyclopian Music Holdings LLC,Cyclopian Music Holdings LLC,Misfits Records LLC,Monster Daddy Music,KozyTone Ranch,KozyTone Ranch,Eagle Sound,Sterling Sound,Vinyl Record Guru,GZ Digital Media, Rock, Punk",,,,,,,,,,,,deny,manual,,,,,,https://i.discogs.com/xQJVLOJ6JxJQF0U7Kj526YjYt3OfRIl9AGXE8ryl2qY/rs:fit/g:sm/q:90/h:504/w:504/czM6Ly9kaXNjb2dz/LWRhdGFiYXNlLWlt/YWdlcy9SLTMyMDMy/NjMtMTMyMDMzNTQ1/Ny5qcGVn.jpeg,,Misfits - Twilight Of The Dead,,Misfits - Twilight Of The Dead | Village Record Club,Misfits - Twilight Of The Dead is available to add to your wishlist.,,,,,,,,,,,,,,,,,,,,Active
Mort Garson - Mother Earth's Plantasia,Mort Garson - Mother Earth's Plantasia,,Village Record Club,Media > Music & Sound Recordings > Records & LPs,album,"Vinyl,LP,Album,Reissue,Stereo, Sacred Bones Records,Emanay Music,Emanay Music,Sacred Bones Records,Emanay Music,Patchcord Electronic Studio, Electronic, Experimental,Ambient",,,,,,,,,,,,deny,manual,,,,,,https://i.discogs.com/tJAKP1NYBXEXLmSGRNg67yBBroloy3YUAVo_b706HJg/rs:fit/g:sm/q:90/h:591/w:600/czM6Ly9kaXNjb2dz/LWRhdGFiYXNlLWlt/YWdlcy9SLTEzMzg2/MTY3LTE2MjY1NjU1/MjQtMzY3My5qcGVn.jpeg,,Mort Garson - Mother Earth's Plantasia,,Mort Garson - Mother Earth's Plantasia | Village Record Club,Mort Garson - Mother Earth's Plantasia is available to add to your wishlist.,,,,,,,,,,,,,,,,,,,,Active
My Morning Jacket - At Dawn: 20th Anniversary Edition,My Morning Jacket - At Dawn: 20th Anniversary Edition,,Village Record Club,Media > Music & Sound Recordings > Records & LPs,album,"Vinyl,LP,Album,Reissue,Vinyl,LP,Album,All Media,Limited Edition, Darla Records,Above The Cadillac Studios,Kingsize Sound Labs,University Of Texas, Austin,Darla Records,Darla Records, Rock, Alternative Rock,Southern Rock,Rock & Roll,Country Rock",,,,,,,,,,,,deny,manual,,,,,,https://i.discogs.com/_s4O111otnKL85ca1VXEKn7XuhG19EpyAYJIGxhFLU8/rs:fit/g:sm/q:90/h:590/w:600/czM6Ly9kaXNjb2dz/LWRhdGFiYXNlLWlt/YWdlcy9SLTE4Mjcw/MTM2LTE2MjExMTc3/ODktNzQ2Ny5qcGVn.jpeg,,My Morning Jacket - At Dawn: 20th Anniversary Edition,,My Morning Jacket - At Dawn: 20th Anniversary Edition | Village Record Club,My Morning Jacket - At Dawn: 20th Anniversary Edition is available to add to your wishlist.,,,,,,,,,,,,,,,,,,,,Active
Native Soul (7) - Teenage Dreams,Native Soul (7) - Teenage Dreams,,Village Record Club,Media > Music & Sound Recordings > Records & LPs,album,"Vinyl,LP,Album, Awesome Tapes From Africa,Awesome Tapes From Africa, Electronic, Electro,House,Amapiano",,,,,,,,,,,,deny,manual,,,,,,https://i.discogs.com/O_UYtkzUVO7ZPScRaoBdM5rOYQtzIdSHboInorW5heA/rs:fit/g:sm/q:90/h:400/w:400/czM6Ly9kaXNjb2dz/LWRhdGFiYXNlLWlt/YWdlcy9SLTIwMzg3/Nzk3LTE2MzI4NDc1/MTktNTkyMi5qcGVn.jpeg,,Native Soul (7) - Teenage Dreams,,Native Soul (7) - Teenage Dreams | Village Record Club,Native Soul (7) - Teenage Dreams is available to add to your wishlist.,,,,,,,,,,,,,,,,,,,,Active
NewOrder* - Republic,NewOrder* - Republic,,Village Record Club,Media > Music & Sound Recordings > Records & LPs,album,"Vinyl,LP,Album,Reissue,Remastered, Rhino Records,Vinyl Collector,Warner Records 90 Ltd.,Warner Records 90 Ltd.,Real World Studios,Real World Studios,RAK Studios,RAK Studios,Pentagram,Abbey Road Studios,Abbey Road Studios,Optimal Media GmbH, Electronic,Rock,Pop, Electro,Synth-pop,Indie Rock",,,,,,,,,,,,deny,manual,,,,,,https://i.discogs.com/eWcGfmjGpjMoXJc-MqMVx3O8lQA9oyafEMfg7F-BGrc/rs:fit/g:sm/q:90/h:601/w:600/czM6Ly9kaXNjb2dz/LWRhdGFiYXNlLWlt/YWdlcy9SLTc1MTU4/NTItMTQ0MzA5NDA4/My04MDIzLmpwZWc.jpeg,,NewOrder* - Republic,,NewOrder* - Republic | Village Record Club,NewOrder* - Republic is available to add to your wishlist.,,,,,,,,,,,,,,,,,,,,Active
Nina Simone - Forbidden Fruit,Nina Simone - Forbidden Fruit,,Village Record Club,Media > Music & Sound Recordings > Records & LPs,album,"Vinyl,LP,Album,Mono, Colpix Records,Columbia Pictures Corporation,Audio Matrix, Inc.,Abbey Record Manufacturing Co., Inc.,Kicks Music,Northern Music,Alamo Music,Hayton & Horne,Upam Music,Ivan Mogull Music,Larry Spier Music,Edwin H. Morris Music, Jazz, Soul-Jazz",,,,,,,,,,,,deny,manual,,,,,,https://i.discogs.com/8IERguLcbMfkQn0Nfdd22xHUDBypS4jxZ0M03dt0UUs/rs:fit/g:sm/q:90/h:600/w:600/czM6Ly9kaXNjb2dz/LWRhdGFiYXNlLWlt/YWdlcy9SLTEzNTYw/OTEtMTIxMjM4Mjgx/Ni5qcGVn.jpeg,,Nina Simone - Forbidden Fruit,,Nina Simone - Forbidden Fruit | Village Record Club,Nina Simone - Forbidden Fruit is available to add to your wishlist.,,,,,,,,,,,,,,,,,,,,Active
Novo Amor - Birthplace,Novo Amor - Birthplace,,Village Record Club,Media > Music & Sound Recordings > Records & LPs,album,"Vinyl,LP,Album, AllPoints,BDi Music Ltd.,Peerless Mastering,AllPoints,AllPoints, Rock,Folk, World, & Country, Alternative Rock,Folk",,,,,,,,,,,,deny,manual,,,,,,https://i.discogs.com/iUGtiXVAA10UhsfHZ-_RcuDsZ77N5AoguW3GM6hZGxw/rs:fit/g:sm/q:90/h:600/w:600/czM6Ly9kaXNjb2dz/LWRhdGFiYXNlLWlt/YWdlcy9SLTEyNzAy/OTA0LTE1NDAzNTU3/MTItMTg1My5qcGVn.jpeg,,Novo Amor - Birthplace,,Novo Amor - Birthplace | Village Record Club,Novo Amor - Birthplace is available to add to your wishlist.,,,,,,,,,,,,,,,,,,,,Active
Optic Sink - Optic Sink,Optic Sink - Optic Sink,,Village Record Club,Media > Music & Sound Recordings > Records & LPs,album,"Vinyl,LP,Album, Goner Records, Electronic,Rock, Synthwave,No Wave",,,,,,,,,,,,deny,manual,,,,,,https://i.discogs.com/gPGV-U8P13gqrZSue222ebD2gt4kFj3haOFik23Vm38/rs:fit/g:sm/q:90/h:585/w:600/czM6Ly9kaXNjb2dz/LWRhdGFiYXNlLWlt/YWdlcy9SLTE2MTM3/NTE0LTE2MTc4MTM1/MzUtMTg1NS5qcGVn.jpeg,,Optic Sink - Optic Sink,,Optic Sink - Optic Sink | Village Record Club,Optic Sink - Optic Sink is available to add to your wishlist.,,,,,,,,,,,,,,,,,,,,Active
PJ Harvey - To Bring You My Love - Demos,PJ Harvey - To Bring You My Love - Demos,,Village Record Club,Media > Music & Sound Recordings > Records & LPs,album,"Vinyl,LP,Album, Island Records,UMC,P J Harvey,P J Harvey,Universal Music Operations Ltd.,Universal Music,Universal International Music B.V.,Optimal Media GmbH,Optimal Media GmbH,Loud Mastering,Hot Head Music Ltd.,Kobalt Songs Music Publishing,Loud Mastering, Rock, Alternative Rock",,,,,,,,,,,,deny,manual,,,,,,https://i.discogs.com/QZxooKlzj0t_dUboSBLynsXepwwvmzDFzExjuoe-XrE/rs:fit/g:sm/q:90/h:600/w:600/czM6Ly9kaXNjb2dz/LWRhdGFiYXNlLWlt/YWdlcy9SLTE1ODk1/NDAyLTE2Mzg2MTA5/MTUtNjM3NC5qcGVn.jpeg,,PJ Harvey - To Bring You My Love - Demos,,PJ Harvey - To Bring You My Love - Demos | Village Record Club,PJ Harvey - To Bring You My Love - Demos is available to add to your wishlist.,,,,,,,,,,,,,,,,,,,,Active
Paul Chambers Quartet - Bass On Top,Paul Chambers Quartet - Bass On Top,,Village Record Club,Media > Music & Sound Recordings > Records & LPs,album,"Vinyl,LP,Album,Reissue,Stereo, Blue Note,Blue Note,Blue Note,Blue Note,Capitol Records, LLC,Blue Note Records,Blue Note Tone Poet Series,Capitol Records, LLC,UMG Recordings, Inc.,Mosaic Images LLC,Van Gelder Studio, Hackensack, New Jersey,Cohearent Audio,Cohearent Audio,Record Technology Incorporated, Jazz, Hard Bop",,,,,,,,,,,,deny,manual,,,,,,https://i.discogs.com/5UhT9M8QZys8RGpCrRBhHrioP9zkt5esDgZbJorC4Fg/rs:fit/g:sm/q:90/h:600/w:600/czM6Ly9kaXNjb2dz/LWRhdGFiYXNlLWlt/YWdlcy9SLTE3MTY1/NzQ2LTE2MTE5NDQ4/MzAtNTU3Ny5qcGVn.jpeg,,Paul Chambers Quartet - Bass On Top,,Paul Chambers Quartet - Bass On Top | Village Record Club,Paul Chambers Quartet - Bass On Top is available to add to your wishlist.,,,,,,,,,,,,,,,,,,,,Active
Pet Shop Boys - Nightlife,Pet Shop Boys - Nightlife,,Village Record Club,Media > Music & Sound Recordings > Records & LPs,album,"Vinyl,LP,Album,Reissue,Remastered, Parlophone,Pet Shop Boys Partnership Ltd.,Pet Shop Boys Partnership Ltd.,Parlophone Records Ltd.,Warner Music Group,Optimal Media GmbH,Metropolis Mastering,Metropolis Mastering,Cage Music,Kobalt Music Publishing,Def Mix Music,EMI Music Publishing,Goosehock Music Inc., Electronic,Pop, Synth-pop,House,Disco,Dance-pop",,,,,,,,,,,,deny,manual,,,,,,https://i.discogs.com/1XMmPkb642LESOZIQrLVT7aA-wsTD6NSFsu9LKDrv-g/rs:fit/g:sm/q:90/h:600/w:600/czM6Ly9kaXNjb2dz/LWRhdGFiYXNlLWlt/YWdlcy9SLTEwNTM1/NjA0LTE1MDEyNDYx/ODktOTY2MS5qcGVn.jpeg,,Pet Shop Boys - Nightlife,,Pet Shop Boys - Nightlife | Village Record Club,Pet Shop Boys - Nightlife is available to add to your wishlist.,,,,,,,,,,,,,,,,,,,,Active
Phoenix - Wolfgang Amadeus Phoenix,Phoenix - Wolfgang Amadeus Phoenix,,Village Record Club,Media > Music & Sound Recordings > Records & LPs,album,"Vinyl,LP,Album, Glassnote,Loyauté,Ghettoblaster Publishing,Motorbass Studio,Motorbass Studio,The Exchange,Ghettoblaster,Ghettoblaster,Glassnote Entertainment Group LLC,Nashville Record Productions,United Record Pressing, Electronic,Rock,Pop, Pop Rock,Indie Rock,Synth-pop",,,,,,,,,,,,deny,manual,,,,,,https://i.discogs.com/IUWYABKsnVcjc3lMdlz5mf1GHWIKp9cU5yCde7ZCADo/rs:fit/g:sm/q:90/h:600/w:600/czM6Ly9kaXNjb2dz/LWRhdGFiYXNlLWlt/YWdlcy9SLTE4MDY2/ODQtMTQwMjY0NTYy/Ny02NTAyLmpwZWc.jpeg,,Phoenix - Wolfgang Amadeus Phoenix,,Phoenix - Wolfgang Amadeus Phoenix | Village Record Club,Phoenix - Wolfgang Amadeus Phoenix is available to add to your wishlist.,,,,,,,,,,,,,,,,,,,,Active
Porcupine Tree - Stupid Dream,Porcupine Tree - Stupid Dream,,Village Record Club,Media > Music & Sound Recordings > Records & LPs,album,"Vinyl,LP,Album,Reissue,Remastered, Kscope,Porcupine Tree Ltd.,Lava,Lava,Optimal Media GmbH,Imagem Music Publishing,Foel Studio,No Man's Land,Cedar Arts Centre,No Man's Land,No Man's Land,Optimal Media GmbH, Rock, Alternative Rock,Prog Rock,Symphonic Rock",,,,,,,,,,,,deny,manual,,,,,,https://i.discogs.com/k3uqnvh1rQ3KZ685dtSnKxqGYO4TPzKaKS5UUCXItmk/rs:fit/g:sm/q:90/h:592/w:600/czM6Ly9kaXNjb2dz/LWRhdGFiYXNlLWlt/YWdlcy9SLTQ4MjI5/MjMtMTM3NzA4NDM0/MS02MDg2LmpwZWc.jpeg,,Porcupine Tree - Stupid Dream,,Porcupine Tree - Stupid Dream | Village Record Club,Porcupine Tree - Stupid Dream is available to add to your wishlist.,,,,,,,,,,,,,,,,,,,,Active
Prins Thomas - Prins Thomas,Prins Thomas - Prins Thomas,,Village Record Club,Media > Music & Sound Recordings > Records & LPs,album,"Vinyl,LP,Album, Full Pupp,Full Pupp,Full Pupp,Wordandsound,Prins Thomas Publishing,Sony/ATV Music Publishing Scandinavia,Schnittstelle,K16 Studios, Electronic,Rock, Disco",,,,,,,,,,,,deny,manual,,,,,,https://i.discogs.com/c3UkWMTiwtwYaAuJOumNk5ZfknsAV_4qjlQ5yR2un94/rs:fit/g:sm/q:90/h:600/w:600/czM6Ly9kaXNjb2dz/LWRhdGFiYXNlLWlt/YWdlcy9SLTIyMzgx/OTMtMTI3MTYxMjI2/OC5qcGVn.jpeg,,Prins Thomas - Prins Thomas,,Prins Thomas - Prins Thomas | Village Record Club,Prins Thomas - Prins Thomas is available to add to your wishlist.,,,,,,,,,,,,,,,,,,,,Active
R.E.M. - Green,R.E.M. - Green,,Village Record Club,Media > Music & Sound Recordings > Records & LPs,album,"Vinyl,LP,Album,Stereo, Warner Bros. Records,Warner Bros. Records,R.E.M./Athens Ltd,R.E.M./Athens Ltd,Night Garden Music,Unichappell Music, Inc.,Ardent Studios,Bearsville Studios,Masterdisk,Record Service GmbH,Teldec Record Service GmbH,Warner Communications,Teldec-Press GmbH,Record Service Alsdorf, Rock, Alternative Rock",,,,,,,,,,,,deny,manual,,,,,,https://i.discogs.com/uDDosfCaODLEsQZ5i6UfarH7J5ZJMpzkbKIXCYe1kPY/rs:fit/g:sm/q:90/h:594/w:600/czM6Ly9kaXNjb2dz/LWRhdGFiYXNlLWlt/YWdlcy9SLTEyODk4/NjctMTQ5NDA4MjY4/MC04NjgyLmpwZWc.jpeg,,R.E.M. - Green,,R.E.M. - Green | Village Record Club,R.E.M. - Green is available to add to your wishlist.,,,,,,,,,,,,,,,,,,,,Active
Randy Newman - Roll With The Punches (The Studio Albums 1979-2017),Randy Newman - Roll With The Punches (The Studio Albums 1979-2017),,Village Record Club,Media > Music & Sound Recordings > Records & LPs,album,"Box Set,Record Store Day,Compilation,Vinyl,LP,Album,Reissue,Vinyl,LP,Album,Reissue,Vinyl,LP,Album,Reissue,Vinyl,LP,Album,Reissue,Vinyl,LP,Album,Reissue,Vinyl,LP,Album,Reissue,Vinyl,LP,Album,Reissue, Nonesuch,Warner Records,Reprise Records,Geffen Records,Nonesuch Records Inc.,Nonesuch Records Inc.,Warner Music Group,Warner Records Inc.,Warner Records Inc.,Reprise Records,Reprise Records,SKG Music LLC,WEA International Inc.,WEA International Inc.,Nonesuch Records Inc.,Record Industry,Record Industry,Six Pictures Music,Six Pictures Music,Twice As Nice Music,Randy Newman Music,Randy Newman Music,Messe Music,TCF Music Publishing, Inc.,Darkmatter Music,Universal Tunes,USA Network Publishing LLC,Universal Music Corp.,Warner Bros. Recording Studios,A&M Studios,The Burbank Studios,Bill Schnee Studios,Circle Seven Recording,Ocean Way Recording,Lion Share Recording Studios,The Complex,Westlake Audio,M.C. Studios,The Studio, Woodland Hills, CA,The Enterprise,Summa Music Group,Conway Studios,Record One, Los Angeles,Bosstown Recording Studios,Sony Scoring Stage,Skywalker Ranch,The Village Recorder,Sunset Sound,Capitol Studios,Newman Scoring Stage,Tea Time Studios,University High, Los Angeles, CA,Warner Bros. Recording Studios,Conway Studios,Sunset Sound,Tea Time Studios,Warner Bros. Recording Studios,Masterdisk,DigiPrep,Gateway Mastering,Record Industry,Record Industry,Record Industry,Record Industry,Record Industry,Record Industry,Record Industry,The Bakery, Rock,Pop, ",,,,,,,,,,,,deny,manual,,,,,,https://i.discogs.com/8RTGOMRPUJc_RJt_6o4jUOXdOTdW1IShksBJNWzz9wM/rs:fit/g:sm/q:90/h:610/w:600/czM6Ly9kaXNjb2dz/LWRhdGFiYXNlLWlt/YWdlcy9SLTk3MTg5/MzItMTcwMTMxNTk3/MC04Njg5LmpwZWc.jpeg,,Randy Newman - Roll With The Punches (The Studio Albums 1979-2017),,Randy Newman - Roll With The Punches (The Studio Albums 1979-2017) | Village Record Club,Randy Newman - Roll With The Punches (The Studio Albums 1979-2017) is available to add to your wishlist.,,,,,,,,,,,,,,,,,,,,Active
Little Richard - Here's Little Richard,Little Richard - Here's Little Richard,,Village Record Club,Media > Music & Sound Recordings > Records & LPs,album,"Vinyl,LP,Album,Mono, Specialty,Specialty Records Inc.,Venice Music, Inc., Rock,Blues, Rock & Roll,Rhythm & Blues",,,,,,,,,,,,deny,manual,,,,,,https://i.discogs.com/2jJqtV48c3NQSB5FY0hHNRkHArlAIIdD4_AkR8yMxAE/rs:fit/g:sm/q:90/h:600/w:595/czM6Ly9kaXNjb2dz/LWRhdGFiYXNlLWlt/YWdlcy9SLTEwMDU1/ODktMTQxMzYyNjkz/MS0xODk2LmpwZWc.jpeg,,Little Richard - Here's Little Richard,,Little Richard - Here's Little Richard | Village Record Club,Little Richard - Here's Little Richard is available to add to your wishlist.,,,,,,,,,,,,,,,,,,,,Active
Robert Wyatt - Ruth Is Stranger Than Richard,Robert Wyatt - Ruth Is Stranger Than Richard,,Village Record Club,Media > Music & Sound Recordings > Records & LPs,album,"Vinyl,LP,Album, Virgin,Virgin Records Ltd.,Virgin Music (Publishers) Ltd.,Cadillac Music Ltd.,E.G. Music Ltd.,Liberation Music Co.,The Manor,CBS Studios, London,The Manor, Jazz,Rock, Ethereal,Prog Rock,Avantgarde,Jazz-Rock",,,,,,,,,,,,deny,manual,,,,,,https://i.discogs.com/gPR0De2waUdpfqaQqr04lWwms8K82jGi2alzvyplRPo/rs:fit/g:sm/q:90/h:600/w:600/czM6Ly9kaXNjb2dz/LWRhdGFiYXNlLWlt/YWdlcy9SLTE5Mjg4/MDYtMTQ5MTM2ODQw/Mi0yNTg5LmpwZWc.jpeg,,Robert Wyatt - Ruth Is Stranger Than Richard,,Robert Wyatt - Ruth Is Stranger Than Richard | Village Record Club,Robert Wyatt - Ruth Is Stranger Than Richard is available to add to your wishlist.,,,,,,,,,,,,,,,,,,,,Active
Rozi Plain - Prize,Rozi Plain - Prize,,Village Record Club,Media > Music & Sound Recordings > Records & LPs,album,"Vinyl,LP,Album,Limited Edition, Memphis Industries,Memphis Industries,Memphis Industries Ltd.,Memphis Industries Ltd.,Rosalind Leyden,Duchamp Inc.,Shorebreaker Studio,Total Refreshment Centre,Electric Beach,Loud Mastering, Pop, Indie Pop",,,,,,,,,,,,deny,manual,,,,,,https://i.discogs.com/AseiKUS6KNwgbKNE1ReYXKVSS4ZBpD3XF3x6UgLVD6o/rs:fit/g:sm/q:90/h:599/w:600/czM6Ly9kaXNjb2dz/LWRhdGFiYXNlLWlt/YWdlcy9SLTI1NzQ0/ODYxLTE2NzU2MzM5/NTktODczNy5qcGVn.jpeg,,Rozi Plain - Prize,,Rozi Plain - Prize | Village Record Club,Rozi Plain - Prize is available to add to your wishlist.,,,,,,,,,,,,,,,,,,,,Active
SRSQ - Ever Crashing,SRSQ - Ever Crashing,,Village Record Club,Media > Music & Sound Recordings > Records & LPs,album,"Vinyl,LP,Album,Limited Edition, Dais Records,SRSQ,SRSQ,Dais Records, Electronic,Rock,Pop, Ethereal,Shoegaze,Dream Pop",,,,,,,,,,,,deny,manual,,,,,,https://i.discogs.com/e3IA7z5gDGdXxvE6eGpIWriUpMF-GlA7CntT6Jpn8ig/rs:fit/g:sm/q:90/h:600/w:600/czM6Ly9kaXNjb2dz/LWRhdGFiYXNlLWlt/YWdlcy9SLTI0Mjg2/MTg0LTE2NjkyMjA5/NzQtODM4OS5qcGVn.jpeg,,SRSQ - Ever Crashing,,SRSQ - Ever Crashing | Village Record Club,SRSQ - Ever Crashing is available to add to your wishlist.,,,,,,,,,,,,,,,,,,,,Active
Sault - 5,Sault - 5,,Village Record Club,Media > Music & Sound Recordings > Records & LPs,album,"Vinyl,LP,Album,Repress, Forever Living Originals,Forever Living Originals,Forever Living Originals,GZ Media, Rock,Funk / Soul, Soul,Afrobeat,Neo Soul,Funk,Alternative Rock",,,,,,,,,,,,deny,manual,,,,,,https://i.discogs.com/uGbnH2_pRfVdqAUf8mBWOCcycEEjB35qCQy1ICqQP6c/rs:fit/g:sm/q:90/h:600/w:600/czM6Ly9kaXNjb2dz/LWRhdGFiYXNlLWlt/YWdlcy9SLTE0MTM0/NDYwLTE2NDc1NDQ0/NTQtNTY2MS5qcGVn.jpeg,,Sault - 5,,Sault - 5 | Village Record Club,Sault - 5 is available to add to your wishlist.,,,,,,,,,,,,,,,,,,,,Active
"Sex Pistols - Never Mind The Bollocks, Here's The Sex Pistols","Sex Pistols - Never Mind The Bollocks, Here's The Sex Pistols",,Village Record Club,Media > Music & Sound Recordings > Records & LPs,album,"Vinyl,LP,Album,Reissue,Remastered,Stereo, Universal Music Group International,Universal Music Group International,Universal Music Operations Ltd.,Back To Black,www.gzvinyl.com,Sex Pistols Residuals,Sex Pistols Residuals,GZ Digital Media, Rock, Punk",,,,,,,,,,,,deny,manual,,,,,,https://i.discogs.com/6Rpky0lc5XfRJiZMR7Lnnh3FyL7TAsw54sw2YXd_DdE/rs:fit/g:sm/q:90/h:600/w:600/czM6Ly9kaXNjb2dz/LWRhdGFiYXNlLWlt/YWdlcy9SLTU3NTk5/NzktMTU1NjgyMDgx/OS0yMjE0LnBuZw.jpeg,,"Sex Pistols - Never Mind The Bollocks, Here's The Sex Pistols",,"Sex Pistols - Never Mind The Bollocks, Here's The Sex Pistols | Village Record Club","Sex Pistols - Never Mind The Bollocks, Here's The Sex Pistols is available to add to your wishlist.",,,,,,,,,,,,,,,,,,,,Active
Silver Synthetic - Silver Synthetic,Silver Synthetic - Silver Synthetic,,Village Record Club,Media > Music & Sound Recordings > Records & LPs,album,"Vinyl,LP,Album,Limited Edition, Third Man Records,Third Man Records, LLC,Third Man Records, LLC,Painters Street Sound,Third Man Mastering,Night Of The Locusts Music,Leo Ramoni Publishing,Shakey Bear Music,Third Man Pressing, Rock, Indie Rock",,,,,,,,,,,,deny,manual,,,,,,https://i.discogs.com/c6iP2GSQyVo6rdbIcJcHifnz12bAFjssw2ldSuVoBpo/rs:fit/g:sm/q:90/h:605/w:600/czM6Ly9kaXNjb2dz/LWRhdGFiYXNlLWlt/YWdlcy9SLTE4MjI2/MTgwLTE2MTgwOTY0/ODMtNTQ0NS5qcGVn.jpeg,,Silver Synthetic - Silver Synthetic,,Silver Synthetic - Silver Synthetic | Village Record Club,Silver Synthetic - Silver Synthetic is available to add to your wishlist.,,,,,,,,,,,,,,,,,,,,Active
Slick Rick - The Great Adventures Of Slick Rick,Slick Rick - The Great Adventures Of Slick Rick,,Village Record Club,Media > Music & Sound Recordings > Records & LPs,album,"Vinyl,LP,Album, Def Jam Recordings,Def Jam Recordings,Columbia,Columbia,CBS Records Inc.,CBS Records Inc.,CBS Inc.,Columbia Records,CBS Records Inc.,Masterdisk,Columbia Records Pressing Plant, Carrollton, GA, Hip Hop, ",,,,,,,,,,,,deny,manual,,,,,,https://i.discogs.com/nv8roC5QhdQRMIFgdhYbuQLCBl7eAwKQMKcJPH_RWsg/rs:fit/g:sm/q:90/h:600/w:600/czM6Ly9kaXNjb2dz/LWRhdGFiYXNlLWlt/YWdlcy9SLTE3NjE0/Ni0xMzA2NDA4NzEz/LmpwZWc.jpeg,,Slick Rick - The Great Adventures Of Slick Rick,,Slick Rick - The Great Adventures Of Slick Rick | Village Record Club,Slick Rick - The Great Adventures Of Slick Rick is available to add to your wishlist.,,,,,,,,,,,,,,,,,,,,Active
Sonic Boom (2) - Spectrum,Sonic Boom (2) - Spectrum,,Village Record Club,Media > Music & Sound Recordings > Records & LPs,album,"Vinyl,LP,Album,Limited Edition, Silvertone Records,Silvertone Records,VHF, Rugby,DFI, Electronic,Rock, Psychedelic Rock,Experimental,Indie Rock,Ambient",,,,,,,,,,,,deny,manual,,,,,,https://i.discogs.com/RB5-QyxPcrNIDNvrJ9FfUJcGzmWCiIS-BCzpy3qr-9c/rs:fit/g:sm/q:90/h:591/w:600/czM6Ly9kaXNjb2dz/LWRhdGFiYXNlLWlt/YWdlcy9SLTU0Njgx/Ny0xMzUzMDgzNDM3/LTE3ODQuanBlZw.jpeg,,Sonic Boom (2) - Spectrum,,Sonic Boom (2) - Spectrum | Village Record Club,Sonic Boom (2) - Spectrum is available to add to your wishlist.,,,,,,,,,,,,,,,,,,,,Active
Spoon - Everything Hits At Once (The Best Of Spoon),Spoon - Everything Hits At Once (The Best Of Spoon),,Village Record Club,Media > Music & Sound Recordings > Records & LPs,album,"Vinyl,LP,Album,Compilation, Matador,Merge Records,Loma Vista Recordings,Epitaph Records,Spoon,Merge Records,Loma Vista Recordings,Epitaph Records,Matador Records,Spoon,Elysian Masters,Precious Fluids,Beat Beat Beat,Sell The House Sell The Car Sell The Kids Publishing,Ranchito Granada Music,Schallplattenfabrik Pallas GmbH, Rock, Indie Rock",,,,,,,,,,,,deny,manual,,,,,,https://i.discogs.com/jlaF3uECUPQUzeCgQNA8ndqOimAotdUqEBNbaQCpAoQ/rs:fit/g:sm/q:90/h:599/w:600/czM6Ly9kaXNjb2dz/LWRhdGFiYXNlLWlt/YWdlcy9SLTEzOTIz/NTQ1LTE1NjQxNjMy/MzEtNDU2My5qcGVn.jpeg,,Spoon - Everything Hits At Once (The Best Of Spoon),,Spoon - Everything Hits At Once (The Best Of Spoon) | Village Record Club,Spoon - Everything Hits At Once (The Best Of Spoon) is available to add to your wishlist.,,,,,,,,,,,,,,,,,,,,Active
Steve Roach - Quiet Music 2,Steve Roach - Quiet Music 2,,Village Record Club,Media > Music & Sound Recordings > Records & LPs,album,"Vinyl,LP,Album,Reissue, Telephone Explosion Records,GZ Media,Precision Record Pressing, Electronic, New Age,Drone,Ambient",,,,,,,,,,,,deny,manual,,,,,,https://i.discogs.com/AsmrPuBXZalmjqKqG26enZGRK5cTYyS38gLuJkCJDVk/rs:fit/g:sm/q:90/h:475/w:475/czM6Ly9kaXNjb2dz/LWRhdGFiYXNlLWlt/YWdlcy9SLTE0NjE3/MDI4LTE2MTEwMDA4/NDAtNzIwMy5qcGVn.jpeg,,Steve Roach - Quiet Music 2,,Steve Roach - Quiet Music 2 | Village Record Club,Steve Roach - Quiet Music 2 is available to add to your wishlist.,,,,,,,,,,,,,,,,,,,,Active
Sugar Ray (2) - Lemonade And Brownies,Sugar Ray (2) - Lemonade And Brownies,,Village Record Club,Media > Music & Sound Recordings > Records & LPs,album,"Vinyl,LP,Album,Limited Edition,Numbered,Reissue,Stereo, Music On Vinyl,Music On Vinyl B.V.,Music On Vinyl B.V.,Future Disc,Image Recording Studios,Image Recording Studios,Music Grinder Studios,Sound Castle Recorders, Los Angeles,Ameraycan Studios,NRG Studios,Paramount Recording Studios,Pawn Shop Press, Rock,Funk / Soul, Alternative Metal,Alternative Rock,Funk Metal,Nu Metal,Rhythm & Blues",,,,,,,,,,,,deny,manual,,,,,,https://i.discogs.com/BoSqISfEJUwJ9pFweRBXKaB6hOAYFdmZl0SwtBY03UM/rs:fit/g:sm/q:90/h:600/w:600/czM6Ly9kaXNjb2dz/LWRhdGFiYXNlLWlt/YWdlcy9SLTIxMjE0/NDY4LTE2Mzg1NTE1/NDAtODkzMC5qcGVn.jpeg,,Sugar Ray (2) - Lemonade And Brownies,,Sugar Ray (2) - Lemonade And Brownies | Village Record Club,Sugar Ray (2) - Lemonade And Brownies is available to add to your wishlist.,,,,,,,,,,,,,,,,,,,,Active
Switchblade Symphony - The Three Calamities ,Switchblade Symphony - The Three Calamities ,,Village Record Club,Media > Music & Sound Recordings > Records & LPs,album,"Vinyl,LP,Limited Edition,Reissue, Cleopatra,Cleopatra,Cleopatra Records,Cleopatra Records,Big Wierdo Music, Electronic,Rock, Goth Rock,Downtempo,Trip Hop",,,,,,,,,,,,deny,manual,,,,,,https://i.discogs.com/tFmdQkHI06_SkkbxTIkVWp8OFMY-8IA3cP16hMk-ycM/rs:fit/g:sm/q:90/h:600/w:600/czM6Ly9kaXNjb2dz/LWRhdGFiYXNlLWlt/YWdlcy9SLTE0NTkw/NTc0LTE1Nzc3MzI5/NjItMjAyNy5qcGVn.jpeg,,Switchblade Symphony - The Three Calamities ,,Switchblade Symphony - The Three Calamities  | Village Record Club,Switchblade Symphony - The Three Calamities  is available to add to your wishlist.,,,,,,,,,,,,,,,,,,,,Active
Taylor Swift - Fearless (Taylor's Version),Taylor Swift - Fearless (Taylor's Version),,Village Record Club,Media > Music & Sound Recordings > Records & LPs,album,"Vinyl,LP,Album, Republic Records,Taylor Swift,Taylor Swift,UMG Commercial Services,Optimal Media GmbH,Sterling Sound, Pop,Folk, World, & Country, Country,Vocal",,,,,,,,,,,,deny,manual,,,,,,https://i.discogs.com/1O38RhEPWpgHcIks_MZYU1Tb_jGxTGnSeFXRFSMQOGk/rs:fit/g:sm/q:90/h:600/w:600/czM6Ly9kaXNjb2dz/LWRhdGFiYXNlLWlt/YWdlcy9SLTIwNDE0/ODEyLTE2NDUzNzQ4/NTctNTg3Ni5qcGVn.jpeg,,Taylor Swift - Fearless (Taylor's Version),,Taylor Swift - Fearless (Taylor's Version) | Village Record Club,Taylor Swift - Fearless (Taylor's Version) is available to add to your wishlist.,,,,,,,,,,,,,,,,,,,,Active
The Allman Brothers Band - The Allman Brothers Band At Fillmore East,The Allman Brothers Band - The Allman Brothers Band At Fillmore East,,Village Record Club,Media > Music & Sound Recordings > Records & LPs,album,"Vinyl,LP,Album,Stereo, Capricorn Records,ATCO Records,Atlantic Recording Corporation,Fillmore East,Location Recorders,Atlantic Studios,Monarch Record Mfg. Co.,Monarch Record Mfg. Co.,Atco,Atlantic Recording Corporation,Peer International,Frost Music Inc.,Gregmark Music, Inc.,Frederick Music,No Exit Music, Rock,Blues, Blues Rock",,,,,,,,,,,,deny,manual,,,,,,https://i.discogs.com/VpDWgTtw2YDc4sOCVhuyGbg7ZsEYYYUi1m-yYAx46pw/rs:fit/g:sm/q:90/h:600/w:596/czM6Ly9kaXNjb2dz/LWRhdGFiYXNlLWlt/YWdlcy9SLTIzNzk5/MDgtMTI4MDYxOTg2/NC5qcGVn.jpeg,,The Allman Brothers Band - The Allman Brothers Band At Fillmore East,,The Allman Brothers Band - The Allman Brothers Band At Fillmore East | Village Record Club,The Allman Brothers Band - The Allman Brothers Band At Fillmore East is available to add to your wishlist.,,,,,,,,,,,,,,,,,,,,Active
The Black Lips - Satan's Graffiti Or God's Art?,The Black Lips - Satan's Graffiti Or God's Art?,,Village Record Club,Media > Music & Sound Recordings > Records & LPs,album,"Vinyl,LP,Album, Vice Records, Rock, Garage Rock",,,,,,,,,,,,deny,manual,,,,,,https://i.discogs.com/bznr6rjBN89M4v05NVQTU8xmfshxws8cdFH4c0ow53g/rs:fit/g:sm/q:90/h:600/w:600/czM6Ly9kaXNjb2dz/LWRhdGFiYXNlLWlt/YWdlcy9SLTEwNTMz/NTY2LTE0OTk4MDY2/NDctMjE1Mi5qcGVn.jpeg,,The Black Lips - Satan's Graffiti Or God's Art?,,The Black Lips - Satan's Graffiti Or God's Art? | Village Record Club,The Black Lips - Satan's Graffiti Or God's Art? is available to add to your wishlist.,,,,,,,,,,,,,,,,,,,,Active
The Cramps - Big Beat From Badsville,The Cramps - Big Beat From Badsville,,Village Record Club,Media > Music & Sound Recordings > Records & LPs,album,"Vinyl,LP,Album,Reissue, Big Beat Records,Earle's Psychedelic Shack,Earle's Psychedelic Shack, Rock, Garage Rock,Psychobilly,Rock & Roll",,,,,,,,,,,,deny,manual,,,,,,https://i.discogs.com/S4nv6eW_JylLVXN2L7ul7eY7lbY5I4s6PfPNjGXfjrY/rs:fit/g:sm/q:90/h:600/w:600/czM6Ly9kaXNjb2dz/LWRhdGFiYXNlLWlt/YWdlcy9SLTQ2MDY4/MTgtMTYxNjE5OTg0/MS0yOTA4LmpwZWc.jpeg,,The Cramps - Big Beat From Badsville,,The Cramps - Big Beat From Badsville | Village Record Club,The Cramps - Big Beat From Badsville is available to add to your wishlist.,,,,,,,,,,,,,,,,,,,,Active
The Divine Comedy - Liberation,The Divine Comedy - Liberation,,Village Record Club,Media > Music & Sound Recordings > Records & LPs,album,"Vinyl,LP,Album,Reissue,Remastered, Divine Comedy Records Limited,Optimal Media GmbH,Fundamental Studios, London,The Lab Studio, Liverpool,The Drugstore,Divine Comedy Records Limited,Divine Comedy Records Limited,Sony/ATV Music Publishing (UK) Ltd.,Abbey Road Studios, Rock,Pop, Art Rock,Pop Rock,Indie Rock",,,,,,,,,,,,deny,manual,,,,,,https://i.discogs.com/14Dly9SNoXq7WwyevBHKJVsOI6pp0WuVeJzvv3rfUUI/rs:fit/g:sm/q:90/h:600/w:600/czM6Ly9kaXNjb2dz/LWRhdGFiYXNlLWlt/YWdlcy9SLTE2MDM4/ODgzLTE2MDI2MDU5/NTUtNjM5NC5qcGVn.jpeg,,The Divine Comedy - Liberation,,The Divine Comedy - Liberation | Village Record Club,The Divine Comedy - Liberation is available to add to your wishlist.,,,,,,,,,,,,,,,,,,,,Active
The Grateful Dead - The Best Of The Grateful Dead (1967-1977),The Grateful Dead - The Best Of The Grateful Dead (1967-1977),,Village Record Club,Media > Music & Sound Recordings > Records & LPs,album,"Vinyl,LP,Compilation, Rhino Records,Grateful Dead Productions,Rhino Entertainment Company,Rhino Entertainment Company,Airshow Mastering, Boulder, CO,Bernie Grundman Mastering,Rhino Entertainment Company,Rhino Entertainment Company,Record Technology Incorporated,Record Technology Incorporated, Rock, Psychedelic Rock",,,,,,,,,,,,deny,manual,,,,,,https://i.discogs.com/rfeIyisfo6vh7yJS7bnkXr2vu8OgEHiNNoJgfXnm3V4/rs:fit/g:sm/q:90/h:355/w:355/czM6Ly9kaXNjb2dz/LWRhdGFiYXNlLWlt/YWdlcy9SLTcxMTEx/MjgtMTQzMzk2MTc2/NC05NTc1LmpwZWc.jpeg,,The Grateful Dead - The Best Of The Grateful Dead (1967-1977),,The Grateful Dead - The Best Of The Grateful Dead (1967-1977) | Village Record Club,The Grateful Dead - The Best Of The Grateful Dead (1967-1977) is available to add to your wishlist.,,,,,,,,,,,,,,,,,,,,Active
The Mountain Goats - Bleed Out,The Mountain Goats - Bleed Out,,Village Record Club,Media > Music & Sound Recordings > Records & LPs,album,"Vinyl,LP,45 RPM,Limited Edition, Merge Records,GZ Media,Betty's,The Kitchen,Cadmean Dawn, Rock, ",,,,,,,,,,,,deny,manual,,,,,,https://i.discogs.com/ZUY6ad5Jtu-U1luY6zrn6b-34uBnsSgVCoB7HYaVadQ/rs:fit/g:sm/q:90/h:586/w:600/czM6Ly9kaXNjb2dz/LWRhdGFiYXNlLWlt/YWdlcy9SLTI0MTkw/MzkxLTE2NjA3NzQ0/MDYtMjUwNC5qcGVn.jpeg,,The Mountain Goats - Bleed Out,,The Mountain Goats - Bleed Out | Village Record Club,The Mountain Goats - Bleed Out is available to add to your wishlist.,,,,,,,,,,,,,,,,,,,,Active
The Police - Zenyatta Mondatta,The Police - Zenyatta Mondatta,,Village Record Club,Media > Music & Sound Recordings > Records & LPs,album,"Vinyl,LP,Album,Stereo, A&M Records,A&M Records Ltd.,A&M Records Ltd.,Virgin Music (Publishers) Ltd.,Roxanne Music Overseas Ltd.,Wisseloord Studios,Strawberry Mastering,CBS Pressing Plant, Aston Clinton, Rock, New Wave",,,,,,,,,,,,deny,manual,,,,,,https://i.discogs.com/WWEVpAVLoVAm_3rwhuEsUjV_Ifi0CKwbXTNLoRyHyfs/rs:fit/g:sm/q:90/h:600/w:600/czM6Ly9kaXNjb2dz/LWRhdGFiYXNlLWlt/YWdlcy9SLTM3MTU0/Ni0xMTczNTM3MTQy/LmpwZWc.jpeg,,The Police - Zenyatta Mondatta,,The Police - Zenyatta Mondatta | Village Record Club,The Police - Zenyatta Mondatta is available to add to your wishlist.,,,,,,,,,,,,,,,,,,,,Active
The Roots Radics / Dub Syndicate - Dub The Planet: Vol.1,The Roots Radics / Dub Syndicate - Dub The Planet: Vol.1,,Village Record Club,Media > Music & Sound Recordings > Records & LPs,album,"Vinyl,LP,Record Store Day,Limited Edition, Sound System Records,Gotta Groove Records,Vintage Vinyl, Reggae, Dub",,,,,,,,,,,,deny,manual,,,,,,https://i.discogs.com/XCwc6x8ECG0xI5Te_tTYKTuGPSsjIl4ot8FfOIxISo4/rs:fit/g:sm/q:90/h:448/w:600/czM6Ly9kaXNjb2dz/LWRhdGFiYXNlLWlt/YWdlcy9SLTEzNDkx/MzQwLTE1NTUyMDUx/NTEtMzI1Ni5qcGVn.jpeg,,The Roots Radics / Dub Syndicate - Dub The Planet: Vol.1,,The Roots Radics / Dub Syndicate - Dub The Planet: Vol.1 | Village Record Club,The Roots Radics / Dub Syndicate - Dub The Planet: Vol.1 is available to add to your wishlist.,,,,,,,,,,,,,,,,,,,,Active
The Stooges - Highlights From The Fun House Sessions,The Stooges - Highlights From The Fun House Sessions,,Village Record Club,Media > Music & Sound Recordings > Records & LPs,album,"Vinyl,LP,Album,Limited Edition,Numbered,Special Edition, Elektra,Run Out Groove,Elektra Entertainment Group,Elektra Entertainment Group,Run Out Groove,Run Out Groove,Elektra Sound Recorders,Record Industry, Rock, ",,,,,,,,,,,,deny,manual,,,,,,https://i.discogs.com/yMEcznMvpokxO9sjeJq-NHJTW_o2Z0yyAJGJ29B83oo/rs:fit/g:sm/q:90/h:600/w:600/czM6Ly9kaXNjb2dz/LWRhdGFiYXNlLWlt/YWdlcy9SLTExMDI1/NTEzLTE1MDg3MzU4/ODctNjk4MC5qcGVn.jpeg,,The Stooges - Highlights From The Fun House Sessions,,The Stooges - Highlights From The Fun House Sessions | Village Record Club,The Stooges - Highlights From The Fun House Sessions is available to add to your wishlist.,,,,,,,,,,,,,,,,,,,,Active
The Weeknd - The Highlights,The Weeknd - The Highlights,,Village Record Club,Media > Music & Sound Recordings > Records & LPs,album,"Vinyl,LP,Compilation,Limited Edition, XO,Republic Records,XO,Republic Records,UMG Recordings, Inc.,The Weeknd XO, Inc.,The Weeknd XO, Inc.,Republic Records,Universal Music Distribution,UMG Commercial Services,GZ Media,Target,Sterling Sound, Electronic,Hip Hop,Funk / Soul,Pop, New Wave,Synthwave,Pop Rap,Contemporary R&B,Dance-pop,Disco,Synth-pop",,,,,,,,,,,,deny,manual,,,,,,https://i.discogs.com/G8qaE6WyOpq25lBxGgveYoh1lMEdE2n5qt6mgkigUy8/rs:fit/g:sm/q:90/h:600/w:600/czM6Ly9kaXNjb2dz/LWRhdGFiYXNlLWlt/YWdlcy9SLTIxMDQ0/NzEzLTE2Mzc1NjQx/MTQtODE5Ny5qcGVn.jpeg,,The Weeknd - The Highlights,,The Weeknd - The Highlights | Village Record Club,The Weeknd - The Highlights is available to add to your wishlist.,,,,,,,,,,,,,,,,,,,,Active
This Mortal Coil - Blood,This Mortal Coil - Blood,,Village Record Club,Media > Music & Sound Recordings > Records & LPs,album,"Vinyl,LP,Album, 4AD,4AD,4AD,Blackwing Studios,Palladium Studios,Blackwing Studios,MPO, Electronic,Rock, Modern Classical,Ethereal,Indie Rock,Ambient",,,,,,,,,,,,deny,manual,,,,,,https://i.discogs.com/tHuZhQ2695l4JwEmmHmAZ6g4sn3avu-Fp2D9VtNVd4Q/rs:fit/g:sm/q:90/h:599/w:600/czM6Ly9kaXNjb2dz/LWRhdGFiYXNlLWlt/YWdlcy9SLTM1NTQ5/Ni0xNDQzNzMwNzM0/LTY0MzYuanBlZw.jpeg,,This Mortal Coil - Blood,,This Mortal Coil - Blood | Village Record Club,This Mortal Coil - Blood is available to add to your wishlist.,,,,,,,,,,,,,,,,,,,,Active
Tom Waits - Rain Dogs,Tom Waits - Rain Dogs,,Village Record Club,Media > Music & Sound Recordings > Records & LPs,album,"Vinyl,LP,Album,Stereo, Island Records,Island Records,Island Records Inc.,Antilles Communications Ltd.,Warner Communications,Atlantic Recording Corporation,Atlantic Recording Corporation,ATCO Records,Island Records Inc.,Island Records Inc.,RCA Recording Studios,Quad Recording Studios,RPM Studios,Masterdisk,Masterdisk,Specialty Records Corporation,Jalma Music, Rock, Alternative Rock,Experimental",,,,,,,,,,,,deny,manual,,,,,,https://i.discogs.com/bQxmtekIbFsEM0LxJ3DOMfhJtQ3rNy4-kdbg5ckMLFU/rs:fit/g:sm/q:90/h:607/w:600/czM6Ly9kaXNjb2dz/LWRhdGFiYXNlLWlt/YWdlcy9SLTkwNTI2/NS0xNTM1MTMzNDk4/LTMwMzUuanBlZw.jpeg,,Tom Waits - Rain Dogs,,Tom Waits - Rain Dogs | Village Record Club,Tom Waits - Rain Dogs is available to add to your wishlist.,,,,,,,,,,,,,,,,,,,,Active
Townes Van Zandt - Our Mother The Mountain,Townes Van Zandt - Our Mother The Mountain,,Village Record Club,Media > Music & Sound Recordings > Records & LPs,album,"Vinyl,LP,Album,Limited Edition,Reissue, Fat Possum Records,Fat Possum Records, LLC,Fat Possum Records, LLC,Fat Possum Records,Fat Possum Records, Blues,Folk, World, & Country, Country Blues,Country,Folk",,,,,,,,,,,,deny,manual,,,,,,https://i.discogs.com/5utpmoq0QKrf2K4Rcu2FcdJ1ITC3zwgMEWyjawhgXAw/rs:fit/g:sm/q:90/h:280/w:280/czM6Ly9kaXNjb2dz/LWRhdGFiYXNlLWlt/YWdlcy9SLTE2NzU0/MDQtMTI2OTQyNDUz/Ny5qcGVn.jpeg,,Townes Van Zandt - Our Mother The Mountain,,Townes Van Zandt - Our Mother The Mountain | Village Record Club,Townes Van Zandt - Our Mother The Mountain is available to add to your wishlist.,,,,,,,,,,,,,,,,,,,,Active
"Tyler, The Creator - Cherry Bomb Instrumentals","Tyler, The Creator - Cherry Bomb Instrumentals",,Village Record Club,Media > Music & Sound Recordings > Records & LPs,album,"Vinyl,LP,Album,Record Store Day,Limited Edition, Columbia,Columbia Records,Columbia Records,Columbia Records,Columbia Records,Bernie Grundman Mastering,Bernie Grundman Mastering,MPO, Hip Hop, Instrumental",,,,,,,,,,,,deny,manual,,,,,,https://i.discogs.com/jna0CDyUP92Rmzb9Oi-hq7ZI9WE2kvwgm3YrDg1XBXo/rs:fit/g:sm/q:90/h:598/w:600/czM6Ly9kaXNjb2dz/LWRhdGFiYXNlLWlt/YWdlcy9SLTE1Nzk2/NDEzLTE3MDUyMTM4/NDYtMTkzOS5qcGVn.jpeg,,"Tyler, The Creator - Cherry Bomb Instrumentals",,"Tyler, The Creator - Cherry Bomb Instrumentals | Village Record Club","Tyler, The Creator - Cherry Bomb Instrumentals is available to add to your wishlist.",,,,,,,,,,,,,,,,,,,,Active
Van Morrison - Moondance,Van Morrison - Moondance,,Village Record Club,Media > Music & Sound Recordings > Records & LPs,album,"Vinyl,LP,Album, Warner Bros. - Seven Arts Records, Jazz,Rock,Funk / Soul,Folk, World, & Country, Folk Rock,Rhythm & Blues,Soul-Jazz,Classic Rock",,,,,,,,,,,,deny,manual,,,,,,https://i.discogs.com/2w7rpjtA9mPlQX5Qga5Ab32vjSpgIdQhLyeyH-wEUbM/rs:fit/g:sm/q:90/h:607/w:600/czM6Ly9kaXNjb2dz/LWRhdGFiYXNlLWlt/YWdlcy9SLTExNjg2/NjEtMTUyNjg1MDkz/OS02NTA4LmpwZWc.jpeg,,Van Morrison - Moondance,,Van Morrison - Moondance | Village Record Club,Van Morrison - Moondance is available to add to your wishlist.,,,,,,,,,,,,,,,,,,,,Active
Various - Grease (The Original Soundtrack From The Motion Picture),Various - Grease (The Original Soundtrack From The Motion Picture),,Village Record Club,Media > Music & Sound Recordings > Records & LPs,album,"Vinyl,LP,Album,Stereo, RSO,Columbia Records Pressing Plant, Terre Haute,RSO Records, Inc.,RSO Records, Inc.,Gribbitt!,Phonodisc,Paramount Pictures Corporation,RSO Records, Inc.,RSO Records, Inc., Rock,Stage & Screen, Soundtrack,Rock & Roll",,,,,,,,,,,,deny,manual,,,,,,https://i.discogs.com/2Y2pGAMZicZQEnsSaBZ0sY35uxSQ63qxMZDRDT3LlI4/rs:fit/g:sm/q:90/h:600/w:600/czM6Ly9kaXNjb2dz/LWRhdGFiYXNlLWlt/YWdlcy9SLTYzMTcy/MS0xMzY1NDYwNDM0/LTg1NjUuanBlZw.jpeg,,Various - Grease (The Original Soundtrack From The Motion Picture),,Various - Grease (The Original Soundtrack From The Motion Picture) | Village Record Club,Various - Grease (The Original Soundtrack From The Motion Picture) is available to add to your wishlist.,,,,,,,,,,,,,,,,,,,,Active
Various - Songs From Aladdin,Various - Songs From Aladdin,,Village Record Club,Media > Music & Sound Recordings > Records & LPs,album,"Vinyl,LP,Album,Picture Disc, Walt Disney Records,Hot Topic, Children's,Stage & Screen, Soundtrack,Musical",,,,,,,,,,,,deny,manual,,,,,,https://i.discogs.com/5xQlGh1TfLPe32othJm-v2YTMx6c5FnTecxMOA7v158/rs:fit/g:sm/q:90/h:594/w:600/czM6Ly9kaXNjb2dz/LWRhdGFiYXNlLWlt/YWdlcy9SLTYwMzk2/NTgtMTQwOTYwOTEz/NC0xMzc4LmpwZWc.jpeg,,Various - Songs From Aladdin,,Various - Songs From Aladdin | Village Record Club,Various - Songs From Aladdin is available to add to your wishlist.,,,,,,,,,,,,,,,,,,,,Active
Various - Waves Of Distortion (The Best Of Shoegaze 1990​-​2022),Various - Waves Of Distortion (The Best Of Shoegaze 1990​-​2022),,Village Record Club,Media > Music & Sound Recordings > Records & LPs,album,"Vinyl,LP,Compilation,Limited Edition,Stereo, Two Piers, Rock, Shoegaze,Dream Pop,Post Rock,Noise Rock",,,,,,,,,,,,deny,manual,,,,,,https://i.discogs.com/WbYr-nHmzgAQXphKl9LvrhU9ybiwPqpcyqePpVLALQQ/rs:fit/g:sm/q:90/h:600/w:600/czM6Ly9kaXNjb2dz/LWRhdGFiYXNlLWlt/YWdlcy9SLTI2OTkz/Mjg5LTE2ODMzNzk2/ODItOTY4Ny5qcGVn.jpeg,,Various - Waves Of Distortion (The Best Of Shoegaze 1990​-​2022),,Various - Waves Of Distortion (The Best Of Shoegaze 1990​-​2022) | Village Record Club,Various - Waves Of Distortion (The Best Of Shoegaze 1990​-​2022) is available to add to your wishlist.,,,,,,,,,,,,,,,,,,,,Active
Waxahatchee - Ivy Tripp,Waxahatchee - Ivy Tripp,,Village Record Club,Media > Music & Sound Recordings > Records & LPs,album,"Vinyl,LP,Album, Merge Records,Merge Records,Merge Records,Wherever Audio,Sterling Sound, Rock,Pop,Folk, World, & Country, Folk Rock",,,,,,,,,,,,deny,manual,,,,,,https://i.discogs.com/W8t0s8Ndme0YRmp3jTtlffmUP7hgD0CqHSXzqdFcU28/rs:fit/g:sm/q:90/h:600/w:600/czM6Ly9kaXNjb2dz/LWRhdGFiYXNlLWlt/YWdlcy9SLTY2NTA2/MzEtMTQyMzg2NzMz/MS0zMzE3LmpwZWc.jpeg,,Waxahatchee - Ivy Tripp,,Waxahatchee - Ivy Tripp | Village Record Club,Waxahatchee - Ivy Tripp is available to add to your wishlist.,,,,,,,,,,,,,,,,,,,,Active
Wipers - Is This Real?,Wipers - Is This Real?,,Village Record Club,Media > Music & Sound Recordings > Records & LPs,album,"Vinyl,LP,Album,Limited Edition,Reissue,Remastered, Jackpot Records,Jackpot Records,Jackpot Records,Zeno Records,Zeno Records,Zeno Records,Jackpot Records,Record Technology Incorporated,Trap Publishing,AcousTech Mastering, Rock, Punk",,,,,,,,,,,,deny,manual,,,,,,https://i.discogs.com/YJVL2ut8XqXK7hqDSam7nSzc_8Z8Gg8NN3iA7R-h-7M/rs:fit/g:sm/q:90/h:612/w:600/czM6Ly9kaXNjb2dz/LWRhdGFiYXNlLWlt/YWdlcy9SLTEyNjc1/MDQtMTUwMDA4Nzgy/OS0yMjQ4LmpwZWc.jpeg,,Wipers - Is This Real?,,Wipers - Is This Real? | Village Record Club,Wipers - Is This Real? is available to add to your wishlist.,,,,,,,,,,,,,,,,,,,,Active
The Yellow Balloon* - The Yellow Balloon,The Yellow Balloon* - The Yellow Balloon,,Village Record Club,Media > Music & Sound Recordings > Records & LPs,album,"Vinyl,LP,Album,Stereo, Canterbury,Canterbury,Teenie Bopper Music Publishers,Young City Music Publishers,Nashville Matrix, Rock,Pop, Pop Rock,Psychedelic Rock",,,,,,,,,,,,deny,manual,,,,,,https://i.discogs.com/dELntRIbfoebKkV1Gf-VlEVDrNiyFPUGQcrdchUPJBs/rs:fit/g:sm/q:90/h:600/w:600/czM6Ly9kaXNjb2dz/LWRhdGFiYXNlLWlt/YWdlcy9SLTQ0NDk1/MTUtMTU4Nzg0MDI2/MC0zMjY2LmpwZWc.jpeg,,The Yellow Balloon* - The Yellow Balloon,,The Yellow Balloon* - The Yellow Balloon | Village Record Club,The Yellow Balloon* - The Yellow Balloon is available to add to your wishlist.,,,,,,,,,,,,,,,,,,,,Active
